type,note(s),duration_type,duration_quarterLength,offset
rest,,eighth,0.5,0.0
note,G4,eighth,0.5,0.5
note,G4,eighth,0.5,1.0
note,G4,eighth,0.5,1.5
note,E4,half,2.0,2.0
note,F4,eighth,0.5,4.5
note,F4,eighth,0.5,5.0
note,F4,eighth,0.5,5.5
note,D4,whole,4.0,6.0
note,G4,eighth,0.5,10.5
note,G4,eighth,0.5,11.0
note,G4,eighth,0.5,11.5
note,G#4,eighth,0.5,12.5
note,G#4,eighth,0.5,13.0
note,G#4,eighth,0.5,13.5
note,G4,complex,4.5,14.0
note,G4,eighth,0.5,18.5
note,G4,eighth,0.5,19.0
note,G4,eighth,0.5,19.5
note,G#4,eighth,0.5,20.5
note,G#4,eighth,0.5,21.0
note,G#4,eighth,0.5,21.5
note,G4,whole,6.0,22.0
note,E5,half,2.0,28.0
note,D5,eighth,0.5,30.0
note,G5,eighth,0.5,30.5
note,G5,eighth,0.5,31.0
note,F5,eighth,0.5,31.5
note,E5,half,2.0,32.0
note,D5,eighth,0.5,34.0
chord,"G4,D5,G5",eighth,0.5,34.5
chord,"G4,D5,G5",eighth,0.5,35.0
chord,"G4,D5,F5",eighth,0.5,35.5
chord,"G4,C5,E5",quarter,1.0,36.0
chord,"C4,F#4,C5",quarter,1.0,38.0
note,G5,half,2.0,40.0
chord,"G#4,G#5",eighth,0.5,42.5
chord,"G#4,G#5",eighth,0.5,43.0
chord,"G#4,G#5",eighth,0.5,43.5
chord,"F4,F5",whole,4.0,44.0
note,G#4,eighth,0.5,48.5
note,G#4,eighth,0.5,49.0
note,G#4,eighth,0.5,49.5
note,F4,whole,6.0,50.0
note,E4,eighth,0.5,56.0
note,G#4,eighth,0.5,56.5
note,G#4,eighth,0.5,57.0
note,G#4,eighth,0.5,57.5
note,F4,complex,4.5,58.0
chord,"G4,D5,F5",eighth,0.5,62.5
chord,"G4,D5,F5",eighth,0.5,63.0
chord,"G4,D5,F5",eighth,0.5,63.5
chord,"G4,C5,E5",eighth,0.5,64.0
note,G4,eighth,0.5,64.5
chord,"E4,C5",eighth,0.5,65.0
chord,"E4,C5",eighth,0.5,65.5
chord,"G#4,D4,F4",complex,2.5,66.0
chord,"F4,G#4,B4",eighth,0.5,68.5
chord,"F4,G#4,B4",eighth,0.5,69.0
note,D5,eighth,0.5,69.5
chord,"E4,G4",complex,2.5,70.0
chord,"E4,G4,C5",eighth,0.5,72.5
chord,"E4,G4,C5",eighth,0.5,73.0
note,E5,eighth,0.5,73.5
chord,"F4,G#4,E5",eighth,0.5,74.0
note,D5,eighth,0.5,74.5
note,D5,eighth,0.5,75.0
note,F5,eighth,0.5,75.5
chord,"G4,C5,F5",eighth,0.5,76.0
note,E5,eighth,0.5,76.5
note,E5,eighth,0.5,77.0
note,G5,eighth,0.5,77.5
chord,"G#4,C5,G5",eighth,0.5,78.0
note,F5,eighth,0.5,78.5
note,F5,eighth,0.5,79.0
note,G#5,eighth,0.5,79.5
chord,"B4,E5,G#5",eighth,0.5,80.0
note,G5,eighth,0.5,80.5
note,G5,eighth,0.5,81.0
note,B5,eighth,0.5,81.5
chord,"C5,F5,B5",eighth,0.5,82.0
note,G#5,eighth,0.5,82.5
note,G#5,eighth,0.5,83.0
note,C6,eighth,0.5,83.5
chord,"D5,G#5,C6",eighth,0.5,84.0
note,B5,eighth,0.5,84.5
note,B5,eighth,0.5,85.0
note,D6,eighth,0.5,85.5
chord,"E5,G5,C6",eighth,0.5,86.0
chord,"E5,E6",eighth,0.5,86.5
chord,"E5,E6",eighth,0.5,87.0
chord,"E5,E6",eighth,0.5,87.5
chord,"C5,C6",eighth,0.5,88.0
note,G5,eighth,0.5,88.5
note,G5,eighth,0.5,89.0
note,G5,eighth,0.5,89.5
note,E5,eighth,0.5,90.0
note,C5,eighth,0.5,90.5
note,G4,eighth,0.5,91.0
note,G4,eighth,0.5,91.5
note,E4,eighth,0.5,92.0
note,C4,eighth,0.5,92.5
note,C4,eighth,0.5,93.0
note,C4,eighth,0.5,93.5
note,B3,eighth,0.5,94.0
chord,"F5,F6",eighth,0.5,94.5
chord,"D5,D6",eighth,0.5,95.0
chord,"D5,D6",eighth,0.5,95.5
note,B5,eighth,0.5,96.0
note,G5,eighth,0.5,96.5
note,F5,eighth,0.5,97.0
note,F5,eighth,0.5,97.5
note,D5,eighth,0.5,98.0
note,B4,eighth,0.5,98.5
note,G4,eighth,0.5,99.0
note,F4,eighth,0.5,99.5
note,D4,eighth,0.5,100.0
note,B3,eighth,0.5,100.5
note,C4,eighth,0.5,101.0
note,C4,eighth,0.5,101.5
note,C4,eighth,0.5,102.0
chord,"E5,E6",eighth,0.5,102.5
chord,"E5,E6",eighth,0.5,103.0
chord,"E5,E6",eighth,0.5,103.5
chord,"C5,C6",eighth,0.5,104.0
chord,"A4,A5",eighth,0.5,104.5
chord,"A4,A5",eighth,0.5,105.0
chord,"A4,A5",eighth,0.5,105.5
note,F#5,eighth,0.5,106.0
note,E5,eighth,0.5,106.5
note,E5,eighth,0.5,107.0
note,E5,eighth,0.5,107.5
note,C5,eighth,0.5,108.0
note,A4,eighth,0.5,108.5
note,A4,eighth,0.5,109.0
note,A4,eighth,0.5,109.5
chord,"A4,E5,F#5,A5",quarter,1.0,110.0
chord,"B4,F5,B5",quarter,1.0,114.0
note,B4,eighth,0.5,116.5
note,B4,eighth,0.5,117.0
note,B4,eighth,0.5,117.5
note,F4,half,2.0,120.0
note,B4,quarter,1.0,124.0
note,E5,quarter,1.0,125.0
note,D5,quarter,1.0,126.0
note,E5,quarter,1.0,127.0
note,F5,quarter,1.0,128.0
note,C5,quarter,1.0,129.0
note,C5,quarter,1.0,130.0
note,B4,quarter,1.0,131.0
note,B4,quarter,1.0,132.0
note,E5,quarter,1.0,133.0
note,D5,quarter,1.0,134.0
note,E5,quarter,1.0,135.0
note,F5,quarter,1.0,136.0
note,C5,quarter,1.0,137.0
note,C5,quarter,1.0,138.0
note,B4,quarter,1.0,139.0
chord,"B4,B5",quarter,1.0,140.0
chord,"E5,E6",quarter,1.0,141.0
chord,"D5,D6",quarter,1.0,142.0
chord,"E5,E6",quarter,1.0,143.0
chord,"F5,F6",quarter,1.0,144.0
chord,"C5,C6",quarter,1.0,145.0
chord,"C5,C6",quarter,1.0,146.0
chord,"B4,B5",quarter,1.0,147.0
note,B4,quarter,1.0,148.0
note,C5,quarter,1.0,149.0
note,C#5,quarter,1.0,150.0
note,C5,quarter,1.0,151.0
note,B4,quarter,1.0,152.0
note,C5,quarter,1.0,153.0
note,B4,quarter,1.0,154.0
note,G#4,quarter,1.0,155.0
note,C#5,quarter,1.0,156.0
note,E5,quarter,1.0,157.0
note,F5,quarter,1.0,158.0
note,E5,quarter,1.0,159.0
note,C#5,quarter,1.0,160.0
note,E5,quarter,1.0,161.0
note,C#5,quarter,1.0,162.0
note,C5,quarter,1.0,163.0
chord,"E4,E5",quarter,1.0,164.0
chord,"F4,F5",quarter,1.0,165.0
chord,"F#4,F#5",quarter,1.0,166.0
chord,"F4,F5",quarter,1.0,167.0
chord,"E4,E5",quarter,1.0,168.0
chord,"F4,F5",quarter,1.0,169.0
chord,"F#4,F#5",quarter,1.0,170.0
chord,"F4,F5",quarter,1.0,171.0
chord,"E4,E5",quarter,1.0,172.0
chord,"F4,F5",quarter,1.0,173.0
chord,"F#4,A4,F#5",quarter,1.0,174.0
chord,"F4,F5",quarter,1.0,175.0
chord,"E4,E5",quarter,1.0,176.0
chord,"F4,F5",quarter,1.0,177.0
chord,"F#4,A4,F#5",quarter,1.0,178.0
chord,"F4,F5",quarter,1.0,179.0
chord,"E4,E5",quarter,1.0,180.0
chord,"F4,F5",quarter,1.0,181.0
chord,"F#4,A4,F#5",quarter,1.0,182.0
chord,"F4,F5",quarter,1.0,183.0
chord,"F#4,F#5",quarter,1.0,184.0
chord,"A4,E5,F#5,A5",quarter,1.0,185.0
chord,"B4,F5,G#5,B5",complex,2.5,186.0
note,C6,16th,0.25,188.5
chord,"B4,F5,B5",16th,0.25,189.0
note,G#5,16th,0.25,189.5
chord,"B4,E5,G#5",eighth,0.5,190.0
note,G5,eighth,0.5,190.5
note,F5,16th,0.25,191.0
note,E5,16th,0.25,191.5
chord,"G#4,E5",eighth,0.5,192.0
note,D5,eighth,0.5,192.5
note,C5,16th,0.25,193.0
note,D5,16th,0.25,193.5
chord,"B4,F5",eighth,0.5,194.0
note,E5,eighth,0.5,194.5
note,B4,16th,0.25,195.0
note,G4,16th,0.25,195.5
chord,"F4,D5",eighth,0.5,196.0
note,C5,eighth,0.5,196.5
note,G#4,16th,0.25,197.0
note,F4,16th,0.25,197.5
chord,"E4,C5",eighth,0.5,198.0
note,B4,eighth,0.5,198.5
note,G4,16th,0.25,199.0
note,E4,16th,0.25,199.5
note,A5,eighth,0.5,200.5
note,B5,eighth,0.5,201.0
note,A5,eighth,0.5,201.5
chord,"G#5,B5",eighth,0.5,202.0
note,A5,eighth,0.5,202.5
note,B5,eighth,0.5,203.0
note,A5,eighth,0.5,203.5
chord,"G#5,B5",16th,0.25,204.0
note,C6,16th,0.25,204.5
note,B5,16th,0.25,205.0
note,G#5,16th,0.25,205.5
chord,"B4,E5,G#5",eighth,0.5,206.0
note,G5,eighth,0.5,206.5
note,F5,16th,0.25,207.0
note,E5,16th,0.25,207.5
chord,"G#4,E5",eighth,0.5,208.0
note,D5,eighth,0.5,208.5
note,C5,16th,0.25,209.0
note,D5,16th,0.25,209.5
chord,"B4,F5",eighth,0.5,210.0
note,E5,eighth,0.5,210.5
note,B4,16th,0.25,211.0
note,G4,16th,0.25,211.5
chord,"F4,D5",eighth,0.5,212.0
note,C5,eighth,0.5,212.5
note,G#4,16th,0.25,213.0
note,F4,16th,0.25,213.5
chord,"E4,C5",eighth,0.5,214.0
note,B4,eighth,0.5,214.5
note,G4,16th,0.25,215.0
note,E4,16th,0.25,215.5
note,B4,eighth,0.5,216.5
chord,"D5,B5",eighth,0.5,217.0
chord,"D5,B5",eighth,0.5,217.5
note,E5,eighth,0.5,218.0
chord,"G5,G6",eighth,0.5,218.5
chord,"G5,G6",eighth,0.5,219.0
chord,"G5,G6",eighth,0.5,219.5
chord,"E5,E6",eighth,0.5,220.0
chord,"B4,B5",eighth,0.5,220.5
chord,"B4,B5",eighth,0.5,221.0
chord,"B4,B5",eighth,0.5,221.5
chord,"G4,G5",eighth,0.5,222.0
chord,"E4,E5",eighth,0.5,222.5
chord,"E4,E5",eighth,0.5,223.0
chord,"E4,E5",eighth,0.5,223.5
note,B4,eighth,0.5,224.0
chord,"F4,D5,F5",eighth,0.5,224.5
chord,"F4,D5,F5",eighth,0.5,225.0
chord,"F4,D5,F5",eighth,0.5,225.5
chord,"G4,E5,G5",eighth,0.5,226.0
chord,"G5,G6",eighth,0.5,226.5
chord,"G5,G6",eighth,0.5,227.0
chord,"G5,G6",eighth,0.5,227.5
chord,"E5,E6",eighth,0.5,228.0
chord,"B4,B5",eighth,0.5,228.5
chord,"B4,B5",eighth,0.5,229.0
chord,"B4,B5",eighth,0.5,229.5
chord,"G4,G5",eighth,0.5,230.0
chord,"E4,E5",eighth,0.5,230.5
chord,"E4,E5",eighth,0.5,231.0
chord,"E4,E5",eighth,0.5,231.5
note,B4,eighth,0.5,232.0
chord,"B4,D5,F5,B5",eighth,0.5,232.5
chord,"B4,D5,F5,B5",eighth,0.5,233.0
chord,"B4,D5,F5,B5",eighth,0.5,233.5
chord,"B4,E5,G5,B5",quarter,1.0,234.0
chord,"B4,D5,F5,B5",eighth,0.5,236.5
chord,"B4,D5,F5,B5",eighth,0.5,237.0
chord,"B4,D5,F5,B5",eighth,0.5,237.5
chord,"B4,E5,G5,B5",quarter,1.0,238.0
chord,"D5,F5,B5,D6",eighth,0.5,240.5
chord,"D5,F5,B5,D6",eighth,0.5,241.0
chord,"D5,F5,B5,D6",eighth,0.5,241.5
chord,"E5,G5,B5,E6",quarter,1.0,242.0
note,B4,eighth,0.5,248.5
note,B4,eighth,0.5,249.0
note,B4,eighth,0.5,249.5
note,G4,whole,6.0,250.0
note,C5,eighth,0.5,256.5
note,C5,eighth,0.5,257.0
note,C5,eighth,0.5,257.5
note,G#4,complex,6.5,258.0
note,C5,eighth,0.5,264.5
note,C5,eighth,0.5,265.0
note,C5,eighth,0.5,265.5
note,G4,quarter,1.5,266.0
note,C#5,eighth,0.5,267.5
note,C5,complex,6.5,268.0
note,G#4,eighth,0.5,274.5
note,G#4,eighth,0.5,275.0
note,B4,eighth,0.5,275.5
note,G5,eighth,0.5,276.0
note,C6,eighth,0.5,276.5
note,C6,eighth,0.5,277.0
note,B5,eighth,0.5,277.5
note,G#5,half,2.0,278.0
note,G5,eighth,0.5,280.0
note,C6,eighth,0.5,280.5
note,C6,eighth,0.5,281.0
note,B5,eighth,0.5,281.5
note,G#5,eighth,0.5,282.0
note,G#5,eighth,0.5,282.5
note,G#5,eighth,0.5,283.0
note,G5,eighth,0.5,283.5
note,F5,eighth,0.5,284.0
note,F5,eighth,0.5,284.5
note,F5,eighth,0.5,285.0
note,E5,eighth,0.5,285.5
note,D5,eighth,0.5,286.0
note,D5,eighth,0.5,286.5
note,D5,eighth,0.5,287.0
note,C5,eighth,0.5,287.5
note,B4,quarter,1.0,288.0
note,G4,eighth,0.5,289.0
note,F4,eighth,0.5,289.5
note,E5,eighth,0.5,290.5
note,E5,eighth,0.5,291.0
note,F5,eighth,0.5,291.5
note,G5,complex,2.5,292.0
note,E5,eighth,0.5,294.5
note,E5,eighth,0.5,295.0
note,F5,eighth,0.5,295.5
note,G5,half,2.0,296.0
chord,"G4,G5",half,2.0,298.0
chord,"A4,A5",quarter,1.0,300.0
chord,"B4,B5",quarter,1.0,301.0
chord,"C5,C6",quarter,1.0,302.0
chord,"C#5,C#6",quarter,1.0,303.0
chord,"D5,D6",eighth,0.5,304.0
chord,"F#5,D6",eighth,0.5,304.5
chord,"F#5,D6",eighth,0.5,305.0
chord,"A5,C6",eighth,0.5,305.5
chord,"G5,B5",half,2.0,306.0
chord,"F#5,A5",eighth,0.5,308.0
chord,"F#5,D6",eighth,0.5,308.5
chord,"F#5,D6",eighth,0.5,309.0
chord,"A5,C6",eighth,0.5,309.5
chord,"G5,B5",half,2.0,310.0
chord,"F#5,A5",quarter,1.0,312.0
chord,"D5,F#5,A5,D6",quarter,1.5,313.0
note,G4,eighth,0.5,314.5
note,G4,eighth,0.5,315.0
note,A4,eighth,0.5,315.5
note,B4,eighth,0.5,316.0
chord,"G4,G5",eighth,0.5,316.5
chord,"A4,A5",eighth,0.5,317.0
chord,"B4,B5",eighth,0.5,317.5
chord,"C5,F#5,C6",eighth,0.5,318.0
chord,"E4,F#4",eighth,0.5,318.5
chord,"E4,A4",eighth,0.5,319.0
chord,"E4,B4",eighth,0.5,319.5
chord,"E4,C5",eighth,0.5,320.0
chord,"F#4,F#5",eighth,0.5,320.5
chord,"A4,A5",eighth,0.5,321.0
chord,"B4,B5",eighth,0.5,321.5
chord,"C5,F#5,C6",eighth,0.5,322.0
chord,"E4,F#4",eighth,0.5,322.5
chord,"E4,A4",eighth,0.5,323.0
chord,"E4,B4",eighth,0.5,323.5
chord,"E4,C5",eighth,0.5,324.0
chord,"A4,A5",eighth,0.5,324.5
chord,"B4,B5",eighth,0.5,325.0
chord,"C5,C6",eighth,0.5,325.5
chord,"D5,G5,D6",eighth,0.5,326.0
note,G4,eighth,0.5,326.5
chord,"G4,B4",eighth,0.5,327.0
chord,"G4,C5",eighth,0.5,327.5
chord,"G4,D5",eighth,0.5,328.0
chord,"G4,G5",eighth,0.5,328.5
chord,"B4,B5",eighth,0.5,329.0
chord,"C5,C6",eighth,0.5,329.5
chord,"D5,G5,D6",eighth,0.5,330.0
note,G4,eighth,0.5,330.5
chord,"G4,B4",eighth,0.5,331.0
chord,"G4,C5",eighth,0.5,331.5
chord,"G4,D5",eighth,0.5,332.0
chord,"G5,B5",eighth,0.5,332.5
chord,"A5,C6",eighth,0.5,333.0
chord,"B5,D6",eighth,0.5,333.5
chord,"E5,F#5,A5,E6",eighth,0.5,334.0
chord,"E5,F#5,A5,E6",eighth,0.5,334.5
chord,"E5,F#5,A5,E6",eighth,0.5,335.0
chord,"E5,F#5,A5,E6",eighth,0.5,335.5
chord,"E5,F#5,A5,E6",eighth,0.5,336.0
chord,"E5,F#5,A5,E6",eighth,0.5,336.5
chord,"E5,F#5,A5,E6",eighth,0.5,337.0
chord,"E5,F#5,A5,E6",eighth,0.5,337.5
chord,"E5,F#5,A5,E6",quarter,1.0,338.0
chord,"E5,G5,B5,E6",eighth,0.5,340.5
chord,"E5,G5,B5,E6",eighth,0.5,341.0
chord,"E5,G5,B5,E6",eighth,0.5,341.5
chord,"E5,G5,B5,E6",eighth,0.5,342.0
chord,"E5,G5,B5,E6",eighth,0.5,342.5
chord,"E5,G5,B5,E6",eighth,0.5,343.0
chord,"E5,G5,B5,E6",eighth,0.5,343.5
chord,"E5,G5,B5,E6",eighth,0.5,344.0
chord,"E5,G5,B5,E6",eighth,0.5,344.5
chord,"E5,G5,B5,E6",eighth,0.5,345.0
chord,"E5,G5,B5,E6",eighth,0.5,345.5
chord,"E5,G5,B5,E6",quarter,1.0,346.0
chord,"D5,G5,B5,D6",eighth,0.5,348.5
chord,"D5,G5,B5,D6",eighth,0.5,349.0
chord,"D5,G5,B5,D6",eighth,0.5,349.5
chord,"D5,G5,B5,D6",quarter,1.0,350.0
chord,"C#5,G5,B5,C#6",eighth,0.5,353.0
chord,"C#5,G5,B5,C#6",eighth,0.5,353.5
chord,"C#5,G5,B5,C#6",quarter,1.0,354.0
chord,"D5,A5,D6",eighth,0.5,355.0
chord,"D5,A5,D6",eighth,0.5,355.5
chord,"D5,A5,D6",eighth,0.5,356.0
chord,"D5,D6",eighth,0.5,356.5
chord,"D5,D6",eighth,0.5,357.0
chord,"D5,D6",eighth,0.5,357.5
note,G5,half,2.0,358.0
note,A5,half,2.0,360.0
chord,"D4,D5",whole,7.0,362.0
chord,"F#4,F#5",eighth,0.5,369.0
chord,"F#4,F#5",eighth,0.5,369.5
chord,"A4,A5",quarter,1.0,370.0
chord,"D5,F#5,A5,D6",eighth,0.5,371.0
chord,"D5,F#5,A5,D6",eighth,0.5,371.5
chord,"D5,G5,B5",eighth,0.5,372.0
chord,"G4,G5",eighth,0.5,372.5
chord,"G4,G5",eighth,0.5,373.0
chord,"G4,G5",eighth,0.5,373.5
note,C5,half,2.0,374.0
note,D5,half,2.0,376.0
note,G4,whole,7.0,378.0
chord,"B4,F5",eighth,0.5,385.0
chord,"B4,F5",eighth,0.5,385.5
chord,"D5,F5",quarter,1.0,386.0
chord,"D5,B5,D6",eighth,0.5,387.0
chord,"D5,B5,D6",eighth,0.5,387.5
chord,"E5,C6,E6",eighth,0.5,388.0
chord,"C5,C6",eighth,0.5,388.5
chord,"C5,C6",eighth,0.5,389.0
chord,"C5,C6",eighth,0.5,389.5
note,F5,half,2.0,390.0
chord,"G4,G5",half,2.0,392.0
chord,"G3,B3,C4,E4",half,2.0,394.0
chord,"G#3,C4,F4",half,2.0,396.0
chord,"F4,F5",half,2.0,398.0
chord,"G4,G5",half,2.0,400.0
chord,"G3,B3,C4,E4",half,2.0,402.0
chord,"G#3,C4,F4",half,2.0,404.0
chord,"F4,F5",half,2.0,406.0
chord,"F#4,F#5",half,2.0,408.0
chord,"B3,C#4,F#4",half,2.0,410.0
chord,"A3,E4,A4",half,2.0,412.0
chord,"A4,E5,A5",half,2.0,414.0
chord,"B4,C#5,B5",half,2.0,416.0
chord,"C#4,F4,B4",half,2.0,418.0
chord,"B4,B5",half,2.0,420.0
chord,"B3,F#4,B4",half,2.0,422.0
chord,"C#5,C#6",half,2.0,424.0
chord,"C#4,G#4,C#5",half,2.0,426.0
chord,"C#5,C#6",half,2.0,428.0
chord,"F#3,A3,C#4",half,2.0,430.0
chord,"C#5,A5,C#6",half,2.0,432.0
chord,"F#3,A3,C#4",half,2.0,434.0
chord,"C#5,A5,C#6",half,2.0,436.0
chord,"F#3,A3,C#4",half,2.0,438.0
chord,"D5,A5,D6",half,2.0,440.0
chord,"A3,D4",half,2.0,442.0
chord,"D5,A5,D6",half,2.0,444.0
chord,"A3,D4",half,2.0,446.0
chord,"D5,A5,D6",half,2.0,448.0
chord,"A3,D4",half,2.0,450.0
chord,"D5,A5,D6",half,2.0,452.0
chord,"A3,D4",eighth,0.5,454.0
chord,"D5,D6",eighth,0.5,454.5
chord,"D5,D6",eighth,0.5,455.0
chord,"D5,D6",eighth,0.5,455.5
chord,"D5,B5,D6",half,2.0,456.0
chord,"D5,C6,D6",half,2.0,458.0
chord,"D5,A5,D6",whole,4.0,460.0
chord,"D5,G#5,D6",half,2.0,464.0
chord,"G#3,D4",half,2.0,466.0
chord,"D5,G#5,D6",half,2.0,468.0
chord,"G#3,D4",half,2.0,470.0
chord,"D5,G#5,D6",half,2.0,472.0
chord,"G#3,D4",half,2.0,474.0
chord,"D5,G#5,D6",half,2.0,476.0
chord,"G#3,D4",half,2.0,478.0
chord,"G#3,D4",eighth,0.5,480.0
chord,"G#4,G#5",eighth,0.5,482.5
chord,"G#4,G#5",eighth,0.5,483.0
chord,"G#4,G#5",eighth,0.5,483.5
chord,"F4,F5",complex,2.5,484.0
chord,"G#4,G#5",eighth,0.5,486.5
chord,"G#4,G#5",eighth,0.5,487.0
chord,"G#4,G#5",eighth,0.5,487.5
chord,"F4,F5",complex,2.5,488.0
chord,"G#4,G#5",eighth,0.5,490.5
chord,"G#4,G#5",eighth,0.5,491.0
chord,"G#4,G#5",eighth,0.5,491.5
chord,"F4,F5",eighth,0.5,492.0
chord,"G#4,G#5",eighth,0.5,492.5
chord,"G#4,G#5",eighth,0.5,493.0
chord,"G#4,G#5",eighth,0.5,493.5
chord,"F4,F5",eighth,0.5,494.0
chord,"G#5,G#6",eighth,0.5,494.5
chord,"G#5,G#6",eighth,0.5,495.0
chord,"G#5,G#6",eighth,0.5,495.5
chord,"F5,F6",eighth,0.5,496.0
chord,"G5,G6",eighth,0.5,496.5
chord,"G5,G6",eighth,0.5,497.0
chord,"G5,G6",eighth,0.5,497.5
chord,"G5,E6,G6",half,2.0,498.0
chord,"G5,F6,G6",eighth,0.5,500.5
chord,"G5,F6,G6",eighth,0.5,501.0
chord,"G5,F6,G6",eighth,0.5,501.5
chord,"G5,D6,G6",whole,4.0,502.0
note,G4,eighth,0.5,506.5
note,G4,eighth,0.5,507.0
note,G4,eighth,0.5,507.5
note,E4,complex,5.0,508.0
note,C4,quarter,1.0,513.0
note,E4,quarter,1.0,514.0
note,G4,eighth,0.5,515.0
note,G4,eighth,0.5,515.5
note,D4,complex,2.5,516.0
note,F5,eighth,0.5,518.5
note,F5,eighth,0.5,519.0
note,F5,eighth,0.5,519.5
chord,"F4,G4,D5",complex,2.5,520.0
note,G5,eighth,0.5,522.5
note,G5,eighth,0.5,523.0
note,F5,eighth,0.5,523.5
note,E5,half,2.0,524.0
note,D5,eighth,0.5,526.0
note,G5,eighth,0.5,526.5
note,G5,eighth,0.5,527.0
note,F5,eighth,0.5,527.5
chord,"C5,E5",half,2.0,528.0
note,D5,eighth,0.5,530.0
note,G5,eighth,0.5,530.5
chord,"G5,C5",eighth,0.5,531.0
chord,"F5,D5",eighth,0.5,531.5
note,E5,half,2.0,532.0
note,C5,half,2.0,534.0
note,G5,half,2.0,536.0
note,F5,quarter,1.0,538.0
note,E5,quarter,1.0,539.0
note,D5,half,2.0,540.0
note,E5,16th,0.25,542.0
note,D5,16th,0.25,542.25
note,C5,16th,0.25,542.5
note,D5,16th,0.25,542.75
note,F5,quarter,1.0,543.0
note,E5,quarter,1.0,544.0
note,D5,quarter,1.0,545.0
note,G#4,eighth,0.5,546.5
note,G#4,eighth,0.5,547.0
note,G#4,eighth,0.5,547.5
note,F4,whole,6.0,548.0
chord,"C4,E4,G3",eighth,0.5,554.0
note,G#4,eighth,0.5,554.5
note,G#4,eighth,0.5,555.0
note,G#4,eighth,0.5,555.5
chord,"D4,F4",complex,4.5,556.0
chord,"D4,F4,B4",eighth,0.5,560.5
chord,"D4,F4,B4",eighth,0.5,561.0
chord,"D4,F4,B4",eighth,0.5,561.5
chord,"E4,C5",eighth,0.5,562.0
chord,"E4,G4",eighth,0.5,562.5
chord,"E4,C5",eighth,0.5,563.0
chord,"E4,C5",eighth,0.5,563.5
chord,"D4,F4",complex,2.5,564.0
chord,"F4,G#4,B4",eighth,0.5,566.5
chord,"F4,G#4,B4",eighth,0.5,567.0
chord,"F4,D5",eighth,0.5,567.5
chord,"E4,G4",complex,2.5,568.0
chord,"E4,G4,C5",eighth,0.5,570.5
chord,"E4,G4,C5",eighth,0.5,571.0
note,E5,eighth,0.5,571.5
chord,"F4,G#4,E5",eighth,0.5,572.0
note,D5,eighth,0.5,572.5
note,D5,16th,0.25,573.0
note,F5,16th,0.25,573.5
chord,"G4,B4,F5",eighth,0.5,574.0
note,E5,eighth,0.5,574.5
note,E5,16th,0.25,575.0
note,G5,16th,0.25,575.5
chord,"G#4,C5,G5",eighth,0.5,576.0
note,F5,eighth,0.5,576.5
note,F5,16th,0.25,577.0
note,G#5,16th,0.25,577.5
chord,"B4,E5,G#5",eighth,0.5,578.0
note,G5,eighth,0.5,578.5
note,G5,16th,0.25,579.0
note,B5,16th,0.25,579.5
chord,"C5,F5,B5",eighth,0.5,580.0
note,G#5,eighth,0.5,580.5
note,G#5,16th,0.25,581.0
note,C6,16th,0.25,581.5
chord,"F5,G#5,C6",eighth,0.5,582.0
note,B5,eighth,0.5,582.5
note,B5,16th,0.25,583.0
note,D6,16th,0.25,583.5
chord,"E5,G5,C6",eighth,0.5,584.0
note,E6,eighth,0.5,584.5
note,E6,eighth,0.5,585.0
note,E6,eighth,0.5,585.5
note,C6,eighth,0.5,586.0
note,G5,eighth,0.5,586.5
note,G5,eighth,0.5,587.0
note,G5,eighth,0.5,587.5
note,E5,eighth,0.5,588.0
note,C5,eighth,0.5,588.5
note,G4,eighth,0.5,589.0
note,G4,eighth,0.5,589.5
note,E4,eighth,0.5,590.0
note,C4,eighth,0.5,590.5
note,C4,eighth,0.5,591.0
note,C4,eighth,0.5,591.5
note,B3,eighth,0.5,592.0
note,F6,eighth,0.5,592.5
note,D6,eighth,0.5,593.0
note,D6,eighth,0.5,593.5
note,B5,eighth,0.5,594.0
note,G5,eighth,0.5,594.5
note,F5,eighth,0.5,595.0
note,F5,eighth,0.5,595.5
note,D5,eighth,0.5,596.0
note,B4,eighth,0.5,596.5
note,G4,eighth,0.5,597.0
note,F4,eighth,0.5,597.5
note,D4,eighth,0.5,598.0
note,B3,eighth,0.5,598.5
chord,"G3,C4",eighth,0.5,599.0
chord,"G3,C4",eighth,0.5,599.5
chord,"A3,C4,E4,F#4",eighth,0.5,600.0
chord,"E5,E6",eighth,0.5,600.5
chord,"E5,E6",eighth,0.5,601.0
chord,"E5,E6",eighth,0.5,601.5
chord,"C5,C6",eighth,0.5,602.0
chord,"A4,A5",eighth,0.5,602.5
chord,"A4,A5",eighth,0.5,603.0
chord,"A4,A5",eighth,0.5,603.5
note,F#5,eighth,0.5,604.0
chord,"E4,E5",eighth,0.5,604.5
chord,"E4,E5",eighth,0.5,605.0
chord,"E4,E5",eighth,0.5,605.5
note,C5,eighth,0.5,606.0
chord,"A3,A4",eighth,0.5,606.5
chord,"A3,A4",eighth,0.5,607.0
chord,"A3,A4",eighth,0.5,607.5
chord,"A3,E4,F#4",quarter,1.0,608.0
chord,"G3,D4,G4",quarter,1.0,612.0
note,G4,eighth,0.5,614.5
note,G4,eighth,0.5,615.0
note,G4,eighth,0.5,615.5
note,G4,quarter,1.0,622.0
note,C5,quarter,1.0,623.0
note,B4,quarter,1.0,624.0
note,C5,quarter,1.0,625.0
note,D5,quarter,1.0,626.0
note,A4,quarter,1.0,627.0
note,A4,quarter,1.0,628.0
note,G4,quarter,1.0,629.0
note,G5,quarter,1.0,630.0
note,C6,quarter,1.0,631.0
note,B5,quarter,1.0,632.0
note,C6,quarter,1.0,633.0
note,D6,quarter,1.0,634.0
note,A5,quarter,1.0,635.0
note,A5,quarter,1.0,636.0
note,G5,quarter,1.0,637.0
note,G4,quarter,1.0,638.0
note,C5,quarter,1.0,639.0
note,B4,quarter,1.0,640.0
note,C5,quarter,1.0,641.0
note,D5,quarter,1.0,642.0
note,A4,quarter,1.0,643.0
note,A4,quarter,1.0,644.0
note,G4,quarter,1.0,645.0
note,G5,quarter,1.0,646.0
note,C6,quarter,1.0,647.0
note,B5,quarter,1.0,648.0
note,C6,quarter,1.0,649.0
note,D6,quarter,1.0,650.0
note,A5,quarter,1.0,651.0
note,A5,quarter,1.0,652.0
note,G5,quarter,1.0,653.0
note,B4,quarter,1.0,654.0
note,C5,quarter,1.0,655.0
note,C#5,quarter,1.0,656.0
note,C5,quarter,1.0,657.0
note,B4,quarter,1.0,658.0
note,C5,quarter,1.0,659.0
note,B4,quarter,1.0,660.0
note,A4,quarter,1.0,661.0
note,C5,quarter,1.0,662.0
note,D5,quarter,1.0,663.0
note,E5,quarter,1.0,664.0
note,D5,quarter,1.0,665.0
note,C5,quarter,1.0,666.0
note,D5,quarter,1.0,667.0
note,C5,quarter,1.0,668.0
note,B4,quarter,1.0,669.0
chord,"F4,F5",quarter,1.0,670.0
chord,"G4,G5",quarter,1.0,671.0
chord,"G#4,G#5",quarter,1.0,672.0
chord,"G4,G5",quarter,1.0,673.0
chord,"F4,F5",quarter,1.0,674.0
chord,"G4,G5",quarter,1.0,675.0
chord,"G#4,G#5",quarter,1.0,676.0
chord,"G4,G5",quarter,1.0,677.0
chord,"F4,F5",quarter,1.0,678.0
chord,"G4,G5",quarter,1.0,679.0
chord,"G#4,G#5",quarter,1.0,680.0
chord,"G4,G5",quarter,1.0,681.0
chord,"F4,F5",quarter,1.0,682.0
chord,"G4,G5",quarter,1.0,683.0
chord,"G#4,G#5",quarter,1.0,684.0
chord,"G4,G5",quarter,1.0,685.0
chord,"F#4,F#5",quarter,1.0,686.0
chord,"G4,G5",quarter,1.0,687.0
chord,"A4,A5",quarter,1.0,688.0
chord,"G4,G5",quarter,1.0,689.0
chord,"F#4,F#5",quarter,1.0,690.0
chord,"G4,G5",quarter,1.0,691.0
chord,"A4,A5",quarter,1.0,692.0
chord,"G4,G5",quarter,1.0,693.0
chord,"F#4,F#5",quarter,1.0,694.0
chord,"G4,G5",quarter,1.0,695.0
chord,"F#4,F#5",quarter,1.0,696.0
chord,"G4,G5",quarter,1.0,697.0
chord,"F#4,F#5",quarter,1.0,698.0
chord,"G4,G5",quarter,1.0,699.0
chord,"B4,F5,G5",complex,2.5,700.0
note,A5,16th,0.25,702.5
note,G5,16th,0.25,703.0
note,F5,16th,0.25,703.5
chord,"G4,C5,F5",eighth,0.5,704.0
note,E5,eighth,0.5,704.5
note,D5,16th,0.25,705.0
note,C5,16th,0.25,705.5
chord,"F4,G4,C5",eighth,0.5,706.0
note,B4,eighth,0.5,706.5
note,A4,16th,0.25,707.0
note,B4,16th,0.25,707.5
chord,"E4,G4,D5",eighth,0.5,708.0
note,C5,eighth,0.5,708.5
note,G4,16th,0.25,709.0
note,E4,16th,0.25,709.5
chord,"D4,B4",eighth,0.5,710.0
note,A4,eighth,0.5,710.5
note,F4,16th,0.25,711.0
note,D4,16th,0.25,711.5
chord,"C4,A4",eighth,0.5,712.0
note,G4,eighth,0.5,712.5
note,E4,16th,0.25,713.0
note,C4,16th,0.25,713.5
note,F#5,eighth,0.5,714.5
note,G5,eighth,0.5,715.0
note,F#5,eighth,0.5,715.5
note,G5,eighth,0.5,716.0
note,F#5,eighth,0.5,716.5
note,G5,eighth,0.5,717.0
note,F#5,eighth,0.5,717.5
note,G5,eighth,0.5,718.0
note,A5,16th,0.25,718.5
note,G5,16th,0.25,719.0
note,F5,16th,0.25,719.5
chord,"G4,C5,F5",eighth,0.5,720.0
note,E5,eighth,0.5,720.5
note,D5,16th,0.25,721.0
note,C5,16th,0.25,721.5
chord,"F4,G4,C5",eighth,0.5,722.0
note,B4,eighth,0.5,722.5
note,A4,16th,0.25,723.0
note,B4,16th,0.25,723.5
chord,"E4,G4,D5",eighth,0.5,724.0
note,C5,eighth,0.5,724.5
note,G4,16th,0.25,725.0
note,E4,16th,0.25,725.5
chord,"D4,B4",eighth,0.5,726.0
note,A4,eighth,0.5,726.5
note,F4,16th,0.25,727.0
note,D4,16th,0.25,727.5
chord,"C4,A4",eighth,0.5,728.0
note,G4,eighth,0.5,728.5
note,E4,16th,0.25,729.0
note,C4,16th,0.25,729.5
note,B3,eighth,0.5,730.0
note,G4,eighth,0.5,730.5
note,G5,eighth,0.5,731.0
note,G5,eighth,0.5,731.5
note,C5,eighth,0.5,732.0
chord,"E5,E6",eighth,0.5,732.5
chord,"E5,E6",eighth,0.5,733.0
chord,"E5,E6",eighth,0.5,733.5
note,C6,eighth,0.5,734.0
chord,"G4,G5",eighth,0.5,734.5
chord,"G4,G5",eighth,0.5,735.0
chord,"G4,G5",eighth,0.5,735.5
note,E5,eighth,0.5,736.0
chord,"C4,C5",eighth,0.5,736.5
chord,"C4,C5",eighth,0.5,737.0
chord,"C4,C5",eighth,0.5,737.5
note,G4,eighth,0.5,738.0
chord,"D4,B4,D5",eighth,0.5,738.5
chord,"D4,B4,D5",eighth,0.5,739.0
chord,"D4,B4,D5",eighth,0.5,739.5
chord,"E4,C5,E5",eighth,0.5,740.0
chord,"E5,E6",eighth,0.5,740.5
chord,"E5,E6",eighth,0.5,741.0
chord,"E5,E6",eighth,0.5,741.5
note,C6,eighth,0.5,742.0
chord,"G4,G5",eighth,0.5,742.5
chord,"G4,G5",eighth,0.5,743.0
chord,"G4,G5",eighth,0.5,743.5
note,E5,eighth,0.5,744.0
chord,"C4,C5",eighth,0.5,744.5
chord,"C4,C5",eighth,0.5,745.0
chord,"C4,C5",eighth,0.5,745.5
note,G4,eighth,0.5,746.0
chord,"G4,B4,D5,G5",eighth,0.5,746.5
chord,"G4,B4,D5,G5",eighth,0.5,747.0
chord,"G4,B4,D5,G5",eighth,0.5,747.5
chord,"G4,C5,E5,G5",quarter,1.0,748.0
chord,"G4,B4,D5,G5",eighth,0.5,750.5
chord,"G4,B4,D5,G5",eighth,0.5,751.0
chord,"G4,B4,D5,G5",eighth,0.5,751.5
chord,"G4,C5,E5,G5",quarter,1.0,752.0
chord,"D5,G5,B5",eighth,0.5,754.5
chord,"D5,G5,B5",eighth,0.5,755.0
chord,"D5,G5,B5",eighth,0.5,755.5
chord,"C5,E5,G5,C6",eighth,0.5,756.0
chord,"C5,C6",eighth,0.5,756.5
chord,"C5,C6",eighth,0.5,757.0
chord,"C5,C6",eighth,0.5,757.5
chord,"C5,C6",eighth,0.5,758.0
chord,"C5,E5,C6",eighth,0.5,758.5
chord,"C5,E5,C6",eighth,0.5,759.0
chord,"C5,E5,C6",eighth,0.5,759.5
chord,"C5,F5,C6",eighth,0.5,760.0
chord,"C5,C6",eighth,0.5,760.5
chord,"C5,C6",eighth,0.5,761.0
chord,"C5,C6",eighth,0.5,761.5
chord,"C5,C6",eighth,0.5,762.0
chord,"C5,F5,C6",eighth,0.5,762.5
chord,"C5,F5,C6",eighth,0.5,763.0
chord,"C5,F5,C6",eighth,0.5,763.5
chord,"C5,G5,C6",eighth,0.5,764.0
chord,"C5,C6",eighth,0.5,764.5
chord,"C5,C6",eighth,0.5,765.0
chord,"C5,C6",eighth,0.5,765.5
chord,"C5,C6",eighth,0.5,766.0
chord,"C5,G5,C6",eighth,0.5,766.5
chord,"C5,G5,C6",eighth,0.5,767.0
chord,"C5,G5,C6",eighth,0.5,767.5
chord,"C5,G#5,C6",eighth,0.5,768.0
chord,"C5,C6",eighth,0.5,768.5
chord,"C5,C6",eighth,0.5,769.0
chord,"C5,C6",eighth,0.5,769.5
chord,"C5,C6",eighth,0.5,770.0
chord,"C5,G#5,C6",eighth,0.5,770.5
chord,"C5,G#5,C6",eighth,0.5,771.0
chord,"C5,G#5,C6",eighth,0.5,771.5
chord,"C#5,G#5,C#6",eighth,0.5,772.0
chord,"C#5,G#5,C#6",eighth,0.5,772.5
chord,"C#5,G#5,C#6",eighth,0.5,773.0
chord,"C#5,G#5,C#6",eighth,0.5,773.5
chord,"C#5,G#5,C#6",eighth,0.5,774.0
chord,"C#5,G#5,C#6",eighth,0.5,774.5
chord,"C#5,G#5,C#6",eighth,0.5,775.0
chord,"C#5,G#5,C#6",eighth,0.5,775.5
chord,"C#5,G#5,C#6",eighth,0.5,776.0
chord,"C#5,G#5,C#6",eighth,0.5,776.5
chord,"C#5,G#5,C#6",eighth,0.5,777.0
chord,"C#5,G#5,C#6",eighth,0.5,777.5
chord,"C#5,G#5,C#6",eighth,0.5,778.0
chord,"C#5,G#5,C#6",eighth,0.5,778.5
chord,"C#5,G#5,C#6",eighth,0.5,779.0
chord,"C#5,G#5,C#6",eighth,0.5,779.5
chord,"C#5,G#5,C#6",quarter,1.0,780.0
note,F4,eighth,0.5,784.5
note,F4,eighth,0.5,785.0
note,F4,eighth,0.5,785.5
note,G#4,quarter,1.0,786.0
chord,"E5,A5,C6,E6",eighth,0.5,790.5
chord,"E5,A5,C6,E6",eighth,0.5,791.0
chord,"E5,A5,C6,E6",eighth,0.5,791.5
chord,"E5,A5,C6,E6",eighth,0.5,792.0
chord,"E5,A5,C6,E6",eighth,0.5,792.5
chord,"E5,A5,C6,E6",eighth,0.5,793.0
chord,"E5,A5,C6,E6",eighth,0.5,793.5
chord,"E5,A5,C6,E6",eighth,0.5,794.0
chord,"E5,A5,C6,E6",eighth,0.5,794.5
chord,"E5,A5,C6,E6",eighth,0.5,795.0
chord,"E5,A5,C6,E6",eighth,0.5,795.5
chord,"E5,A5,C6,E6",eighth,0.5,796.0
chord,"E5,A5,C6,E6",eighth,0.5,796.5
chord,"E5,A5,C6,E6",eighth,0.5,797.0
chord,"E5,A5,C6,E6",eighth,0.5,797.5
chord,"E5,A5,C6,E6",eighth,0.5,798.0
chord,"E5,A5,C6,E6",eighth,0.5,798.5
chord,"E5,A5,C6,E6",eighth,0.5,799.0
chord,"E5,A5,C6,E6",eighth,0.5,799.5
chord,"E5,A5,C6,E6",quarter,1.0,800.0
chord,"C5,C6",eighth,0.5,802.5
chord,"C5,C6",eighth,0.5,803.0
chord,"C5,C6",eighth,0.5,803.5
chord,"E5,E6",quarter,1.0,804.0
note,G4,eighth,0.5,806.5
note,G4,eighth,0.5,807.0
note,G4,eighth,0.5,807.5
note,E4,half,2.0,808.0
note,B4,eighth,0.5,810.0
note,C5,eighth,0.5,810.5
note,D5,eighth,0.5,811.0
note,E5,eighth,0.5,811.5
note,B5,whole,4.0,812.0
note,E4,half,2.0,816.0
note,B4,eighth,0.5,818.0
note,C5,eighth,0.5,818.5
note,D5,eighth,0.5,819.0
note,E5,eighth,0.5,819.5
note,B5,whole,4.0,820.0
note,G#5,eighth,0.5,824.0
note,G5,eighth,0.5,824.5
note,B5,eighth,0.5,825.0
note,G#5,eighth,0.5,825.5
note,G5,eighth,0.5,826.0
note,F5,eighth,0.5,826.5
note,G#5,eighth,0.5,827.0
note,G5,eighth,0.5,827.5
note,F5,eighth,0.5,828.0
note,E5,eighth,0.5,828.5
note,G5,eighth,0.5,829.0
note,F5,eighth,0.5,829.5
note,E5,eighth,0.5,830.0
note,D5,eighth,0.5,830.5
note,F5,eighth,0.5,831.0
note,E5,eighth,0.5,831.5
note,D5,eighth,0.5,832.0
note,C5,eighth,0.5,832.5
note,E5,eighth,0.5,833.0
note,D5,eighth,0.5,833.5
note,C5,eighth,0.5,834.0
note,B4,eighth,0.5,834.5
note,D5,eighth,0.5,835.0
note,C5,eighth,0.5,835.5
note,B4,eighth,0.5,836.0
note,G#4,eighth,0.5,836.5
note,C5,eighth,0.5,837.0
note,B4,eighth,0.5,837.5
note,G#4,eighth,0.5,838.0
note,G4,eighth,0.5,838.5
note,B4,eighth,0.5,839.0
note,G#4,eighth,0.5,839.5
note,F4,eighth,0.5,840.0
note,G4,eighth,0.5,840.5
chord,"G3,E4",eighth,0.5,841.0
note,G4,eighth,0.5,841.5
chord,"G3,D4",eighth,0.5,842.0
note,G4,eighth,0.5,842.5
chord,"G3,E4",eighth,0.5,843.0
note,G4,eighth,0.5,843.5
chord,"G3,F4",eighth,0.5,844.0
note,G4,eighth,0.5,844.5
chord,"G3,E4",eighth,0.5,845.0
note,G4,eighth,0.5,845.5
chord,"G3,F4",eighth,0.5,846.0
note,G4,eighth,0.5,846.5
chord,"C4,G4",eighth,0.5,847.0
note,C5,eighth,0.5,847.5
chord,"C4,G#4",eighth,0.5,848.0
note,C5,eighth,0.5,848.5
chord,"C4,G4",eighth,0.5,849.0
note,C5,eighth,0.5,849.5
chord,"C4,G#4",eighth,0.5,850.0
note,C5,eighth,0.5,850.5
chord,"G4,B4",eighth,0.5,851.0
note,F5,eighth,0.5,851.5
chord,"G4,C5",eighth,0.5,852.0
note,F5,eighth,0.5,852.5
chord,"G4,B4",eighth,0.5,853.0
note,F5,eighth,0.5,853.5
chord,"G4,C5",eighth,0.5,854.0
note,F5,eighth,0.5,854.5
chord,"G4,D5",eighth,0.5,855.0
note,G5,eighth,0.5,855.5
chord,"E4,E5",quarter,1.0,856.0
note,C5,quarter,1.0,857.0
chord,"D4,D5",eighth,0.5,858.0
chord,"E4,E5",eighth,0.5,859.0
chord,"F4,F5",quarter,1.0,860.0
chord,"D4,D5",quarter,1.0,861.0
chord,"E4,E5",eighth,0.5,862.0
chord,"F4,F5",eighth,0.5,863.0
chord,"G4,G5",quarter,1.0,864.0
chord,"E4,E5",quarter,1.0,865.0
chord,"F4,F5",eighth,0.5,866.0
chord,"G4,G5",eighth,0.5,867.0
chord,"G#4,G#5",quarter,1.0,868.0
chord,"F4,F5",quarter,1.0,869.0
chord,"G4,G5",eighth,0.5,870.0
chord,"A4,A5",eighth,0.5,871.0
chord,"B4,B5",quarter,1.0,872.0
chord,"G4,G5",quarter,1.0,873.0
chord,"A4,A5",eighth,0.5,874.0
chord,"B4,B5",eighth,0.5,875.0
chord,"C5,C6",quarter,1.0,876.0
note,G5,quarter,1.0,877.0
chord,"G#4,E5,G#5",eighth,0.5,878.0
chord,"E4,E5",eighth,0.5,879.0
chord,"F4,G#4,C5,F5",eighth,0.5,880.0
chord,"D4,D5",eighth,0.5,881.0
chord,"E4,G#4,C5,E5",eighth,0.5,882.0
chord,"F4,F5",eighth,0.5,883.0
chord,"G4,C5,D5,G5",eighth,0.5,884.0
chord,"F#4,F#5",eighth,0.5,885.0
chord,"G4,B4,D5,G5",eighth,0.5,886.0
note,G4,eighth,0.5,887.0
chord,"C4,C5",half,2.0,888.0
chord,"D4,C5,D5",eighth,0.5,890.0
chord,"E4,C5,E5",eighth,0.5,891.0
chord,"F4,F5",quarter,1.0,892.0
chord,"D4,D5",quarter,1.0,893.0
chord,"C4,E4,C5",eighth,0.5,894.0
chord,"C4,F4,C5",eighth,0.5,895.0
chord,"C4,C5",half,2.0,896.0
chord,"F4,C5,F5",eighth,0.5,898.0
chord,"G4,C5,G5",eighth,0.5,899.0
chord,"G#4,G#5",quarter,1.0,900.0
chord,"F4,F5",quarter,1.0,901.0
chord,"B3,G4,B4",eighth,0.5,902.0
chord,"C4,G4,C5",eighth,0.5,903.0
chord,"D4,D5",quarter,1.0,904.0
chord,"B3,B4",quarter,1.0,905.0
chord,"C5,A5,C6",eighth,0.5,906.0
chord,"D5,B5,D6",eighth,0.5,907.0
chord,"E5,C6,E6",quarter,1.0,908.0
chord,"C5,G5,C6",quarter,1.0,909.0
chord,"B3,G4,B4",eighth,0.5,910.0
chord,"C4,G4,C5",eighth,0.5,911.0
chord,"D4,D5",quarter,1.0,912.0
chord,"B3,B4",quarter,1.0,913.0
chord,"C5,A5,C6",eighth,0.5,914.0
chord,"D5,B5,D6",eighth,0.5,915.0
chord,"E5,C6,E6",quarter,1.0,916.0
chord,"D5,B5,D6",quarter,1.0,917.0
chord,"C5,G#5,C6",quarter,1.0,918.0
chord,"B4,G5,B5",quarter,1.0,919.0
chord,"G#4,F5,G#5",quarter,1.0,920.0
chord,"G4,E5,G5",quarter,1.0,921.0
chord,"F4,G#4",quarter,1.0,922.0
chord,"E4,G4",quarter,1.0,923.0
chord,"F5,G#5",quarter,1.0,924.0
chord,"E5,G5",quarter,1.0,925.0
chord,"G#5,C6,F6,G#6",quarter,1.0,926.0
chord,"G5,C6,E6,G6",quarter,1.0,927.0
chord,"G5,C6,E6,G6",quarter,1.0,929.0
chord,"G5,B5,D6,G6",quarter,1.0,931.0
chord,"E4,E5",quarter,1.0,932.0
chord,"B4,D5",quarter,1.0,933.0
chord,"C4,C5",quarter,1.0,934.0
chord,"G4,B4",quarter,1.0,935.0
chord,"F4,G#4",quarter,1.0,936.0
chord,"E4,G4",quarter,1.0,937.0
chord,"F5,G#5",quarter,1.0,938.0
chord,"E5,G5",quarter,1.0,939.0
chord,"F4,G#4",quarter,1.0,940.0
chord,"E4,G4",quarter,1.0,941.0
chord,"F5,G#5",quarter,1.0,942.0
chord,"E5,G5",quarter,1.0,943.0
chord,"G4,C5,E5,G5",quarter,1.0,944.0
chord,"G5,C6,E6,G6",quarter,1.0,945.0
chord,"G4,B4,D5,G5",quarter,1.0,946.0
chord,"G5,B5,D6,G6",quarter,1.0,947.0
chord,"C5,E5,C6",eighth,0.5,948.0
chord,"G4,G5",eighth,0.5,948.5
chord,"G4,G5",eighth,0.5,949.0
chord,"G4,G5",eighth,0.5,949.5
note,G4,whole,6.0,950.0
note,G4,complex,4.5,956.0
chord,"G4,G5",eighth,0.5,960.5
chord,"G4,G5",eighth,0.5,961.0
chord,"G4,G5",eighth,0.5,961.5
chord,"G4,G5",eighth,0.5,962.0
chord,"G5,G6",eighth,0.5,962.5
chord,"G5,G6",eighth,0.5,963.0
chord,"G5,G6",eighth,0.5,963.5
chord,"G5,G6",eighth,0.5,964.0
chord,"G5,G6",eighth,0.5,964.5
chord,"G5,G6",eighth,0.5,965.0
chord,"G5,G6",eighth,0.5,965.5
chord,"G5,G6",eighth,0.5,966.0
chord,"G5,G6",eighth,0.5,966.5
chord,"G5,G6",eighth,0.5,967.0
chord,"G5,G6",eighth,0.5,967.5
chord,"G5,E6,G6",half,2.0,968.0
chord,"G5,F6,G6",eighth,0.5,970.5
chord,"G5,F6,G6",eighth,0.5,971.0
chord,"G5,F6,G6",eighth,0.5,971.5
chord,"G5,D6,G6",whole,4.0,972.0
note,G4,eighth,0.5,976.5
note,G4,eighth,0.5,977.0
note,G4,eighth,0.5,977.5
note,E4,half,3.0,978.0
note,E5,eighth,0.5,981.0
note,E5,eighth,0.5,981.5
note,C5,complex,2.5,982.0
note,G4,eighth,0.5,984.5
note,G4,eighth,0.5,985.0
note,G4,eighth,0.5,985.5
note,E4,half,3.0,986.0
note,E5,eighth,0.5,989.0
note,E5,eighth,0.5,989.5
note,C5,complex,2.5,990.0
chord,"G4,B4,D5,G5",eighth,0.5,992.5
chord,"G4,B4,D5,G5",eighth,0.5,993.0
chord,"G4,B4,D5,G5",eighth,0.5,993.5
chord,"G4,C5,E5,G5",quarter,1.0,994.0
chord,"G4,B4,D5,G5",eighth,0.5,996.5
chord,"G4,B4,D5,G5",eighth,0.5,997.0
chord,"G4,B4,D5,G5",eighth,0.5,997.5
chord,"G4,C5,E5,G5",quarter,1.0,998.0
chord,"G4,B4,D5,G5",eighth,0.5,1000.5
chord,"G4,B4,D5,G5",eighth,0.5,1001.0
chord,"G4,B4,D5,G5",eighth,0.5,1001.5
chord,"G4,C5,E5,G5",quarter,1.0,1002.0
chord,"G4,B4,D5,G5",quarter,1.0,1003.0
chord,"G4,C5,E5,G5",quarter,1.0,1004.0
chord,"G4,B4,D5,G5",quarter,1.0,1005.0
chord,"G4,C5,E5,G5",quarter,1.0,1006.0
chord,"B4,D5,G5,B5",quarter,1.0,1007.0
chord,"C5,E5,G5,C6",quarter,1.0,1008.0
chord,"B4,D5,G5,B5",quarter,1.0,1009.0
chord,"C5,E5,G5,C6",quarter,1.0,1010.0
chord,"B3,D4,G4,B4",quarter,1.0,1012.0
chord,"C4,E4,G4,C5",quarter,1.0,1014.0
rest,,complex,14.5,0.0
note,E5,eighth,0.5,14.5
rest,,inexpressible,978.0,14.5
note,E5,eighth,0.5,15.0
note,E5,eighth,0.5,15.5
note,C5,half,3.0,16.0
note,F5,eighth,0.5,22.5
note,F5,eighth,0.5,23.0
note,F5,eighth,0.5,23.5
note,D5,complex,2.5,24.0
note,G5,eighth,0.5,26.5
note,G5,eighth,0.5,27.0
note,F5,eighth,0.5,27.5
chord,"G4,B4",quarter,1.0,40.0
note,D4,eighth,0.5,50.5
note,D4,eighth,0.5,51.0
note,D4,eighth,0.5,51.5
note,B3,whole,4.0,52.0
note,C4,quarter,1.0,56.0
note,D4,eighth,0.5,58.5
note,D4,eighth,0.5,59.0
note,D4,eighth,0.5,59.5
note,B3,half,3.0,60.0
note,C5,half,2.0,66.0
note,B4,eighth,0.5,68.0
note,D5,half,2.0,70.0
note,C5,eighth,0.5,72.0
note,G4,half,2.0,124.0
note,G#4,half,2.0,126.0
note,G#4,half,2.0,128.0
chord,"E4,G4",half,2.0,130.0
note,G4,half,2.0,132.0
note,G#4,half,2.0,134.0
note,G#4,half,2.0,136.0
chord,"E4,G4",half,2.0,138.0
chord,"E4,G4",half,2.0,148.0
chord,"E4,G4",half,2.0,150.0
chord,"E4,G4",half,2.0,152.0
chord,"C4,F4",half,2.0,154.0
chord,"F4,G#4",half,2.0,156.0
chord,"G4,B4",half,2.0,158.0
chord,"G4,B4",half,2.0,160.0
chord,"E4,G#4",half,2.0,162.0
note,C5,half,2.0,164.0
chord,"C5,E5",half,2.0,166.0
chord,"B4,E5",half,2.0,170.0
note,E5,half,2.0,174.0
note,E5,half,2.0,178.0
note,E5,half,2.0,182.0
note,F5,whole,4.0,202.0
note,C#4,eighth,0.5,250.5
note,C#4,eighth,0.5,251.0
note,C#4,eighth,0.5,251.5
note,C4,whole,4.0,252.0
note,C#5,eighth,0.5,258.5
note,C#5,eighth,0.5,259.0
note,C#5,eighth,0.5,259.5
note,C5,eighth,0.5,260.0
note,G#5,eighth,0.5,260.5
note,G#5,eighth,0.5,261.0
note,G#5,eighth,0.5,261.5
note,F5,complex,2.5,262.0
note,C#5,eighth,0.5,266.5
note,C#5,eighth,0.5,267.0
note,B5,eighth,0.5,268.5
note,B5,eighth,0.5,269.0
note,B5,eighth,0.5,269.5
note,G5,complex,2.5,270.0
note,C6,eighth,0.5,272.5
note,C6,eighth,0.5,273.0
note,B5,eighth,0.5,273.5
note,G#5,half,2.0,274.0
note,C5,complex,2.5,276.0
note,G#4,eighth,0.5,278.5
note,G#4,eighth,0.5,279.0
note,B4,eighth,0.5,279.5
note,C5,half,2.0,280.0
note,G4,eighth,0.5,288.0
note,G4,eighth,0.5,288.5
note,D4,eighth,0.5,292.0
note,G4,eighth,0.5,292.5
note,G4,eighth,0.5,293.0
note,F4,eighth,0.5,293.5
note,D4,eighth,0.5,296.0
note,G4,eighth,0.5,296.5
note,G4,eighth,0.5,297.0
note,F4,eighth,0.5,297.5
note,F#4,eighth,0.5,365.0
note,F#4,eighth,0.5,365.5
note,F#4,quarter,1.0,366.0
note,C5,eighth,0.5,367.0
note,C5,eighth,0.5,367.5
note,C5,quarter,1.0,368.0
note,B3,eighth,0.5,379.0
note,B3,eighth,0.5,379.5
note,B3,quarter,1.0,380.0
note,F4,eighth,0.5,381.0
note,F4,eighth,0.5,381.5
note,F4,quarter,1.0,382.0
note,B4,eighth,0.5,383.0
note,B4,eighth,0.5,383.5
note,B4,quarter,1.0,384.0
note,G#4,eighth,0.5,508.5
note,G#4,eighth,0.5,509.0
note,G#4,eighth,0.5,509.5
note,G4,eighth,0.5,510.0
note,E5,eighth,0.5,510.5
note,E5,eighth,0.5,511.0
note,E5,eighth,0.5,511.5
note,C5,half,2.0,512.0
note,G4,eighth,0.5,514.5
note,C4,quarter,1.0,515.0
note,G#4,eighth,0.5,516.5
note,G#4,eighth,0.5,517.0
note,G#4,eighth,0.5,517.5
note,G4,eighth,0.5,518.0
note,E4,eighth,0.5,524.5
note,E4,eighth,0.5,525.0
note,F4,eighth,0.5,525.5
note,G4,half,2.0,526.0
note,E4,eighth,0.5,528.5
note,E4,eighth,0.5,529.0
note,F4,eighth,0.5,529.5
chord,"G4,B4",quarter,1.0,530.0
chord,"C4,F#4",quarter,1.0,534.0
chord,"G4,B4",quarter,1.0,536.0
note,D4,eighth,0.5,548.5
note,D4,eighth,0.5,549.0
note,D4,eighth,0.5,549.5
note,B3,whole,4.0,550.0
note,B4,complex,2.5,558.0
note,C5,half,2.0,564.0
note,B4,eighth,0.5,566.0
note,D5,half,2.0,568.0
note,C5,eighth,0.5,570.0
note,E4,half,2.0,622.0
note,F4,whole,4.0,624.0
chord,"C4,E4",half,2.0,628.0
chord,"C5,E5",half,2.0,630.0
chord,"D5,F5",half,2.0,632.0
note,F5,half,2.0,634.0
chord,"C5,E5",half,2.0,636.0
note,E4,half,2.0,638.0
note,F4,whole,4.0,640.0
chord,"C4,E4",half,2.0,644.0
chord,"C5,E5",half,2.0,646.0
chord,"D5,F5",half,2.0,648.0
note,F5,half,2.0,650.0
chord,"C5,E5",half,2.0,652.0
chord,"G4,B4",half,2.0,654.0
chord,"E4,G4",half,2.0,656.0
chord,"E4,G4",half,2.0,658.0
chord,"C4,F4",half,2.0,660.0
chord,"F4,A4",half,2.0,662.0
chord,"F#4,A4",half,2.0,664.0
chord,"F#4,A4",half,2.0,666.0
chord,"D4,G4",half,2.0,668.0
note,G3,quarter,1.0,808.0
note,F5,eighth,0.5,812.0
note,G5,eighth,0.5,812.5
note,G#5,eighth,0.5,813.0
note,G5,eighth,0.5,813.5
note,G#5,eighth,0.5,814.0
note,G5,eighth,0.5,814.5
note,G#5,eighth,0.5,815.0
note,G5,eighth,0.5,815.5
note,F5,eighth,0.5,820.0
note,G5,eighth,0.5,820.5
note,G#5,eighth,0.5,821.0
note,G5,eighth,0.5,821.5
note,G#5,eighth,0.5,822.0
note,G5,eighth,0.5,822.5
note,G#5,eighth,0.5,823.0
note,G5,eighth,0.5,823.5
note,C5,half,2.0,860.0
note,C5,half,2.0,864.0
note,C5,half,2.0,868.0
note,F5,half,2.0,872.0
note,C5,half,2.0,892.0
note,G4,quarter,1.0,896.0
note,E4,quarter,1.0,897.0
note,C5,half,2.0,900.0
note,G4,half,2.0,904.0
note,G4,half,2.0,912.0
note,C4,half,2.0,922.0
note,C5,half,2.0,924.0
note,G5,complex,10.5,950.0
note,G#4,eighth,0.5,978.5
note,G#4,eighth,0.5,979.0
note,G#4,eighth,0.5,979.5
note,G4,eighth,0.5,980.0
note,E5,eighth,0.5,980.5
note,G#5,quarter,1.0,983.0
note,G5,eighth,0.5,984.0
note,G#4,eighth,0.5,986.5
note,G#4,eighth,0.5,987.0
note,G#4,eighth,0.5,987.5
note,G4,eighth,0.5,988.0
note,E5,eighth,0.5,988.5
note,G#5,quarter,1.0,991.0
note,G5,eighth,0.5,992.0
rest,,complex,22.5,992.5
note,G#3,eighth,0.5,550.5
note,G#3,eighth,0.5,551.0
note,G#3,eighth,0.5,551.5
note,G3,half,2.0,552.0
chord,"B4,D5",eighth,0.5,950.5
chord,"B4,D5",eighth,0.5,951.0
chord,"B4,D5",eighth,0.5,951.5
chord,"B4,D5",half,3.0,952.0
chord,"C5,E5",quarter,1.0,955.0
chord,"D5,F5",quarter,1.0,956.0
chord,"B4,D5",quarter,1.0,957.0
chord,"C5,E5",quarter,1.0,958.0
chord,"D5,F5",quarter,1.0,959.0
chord,"C5,E5",eighth,0.5,960.0
rest,,eighth,0.5,0.0
chord,"G2,G3",eighth,0.5,0.5
chord,"G2,G3",eighth,0.5,1.0
chord,"G2,G3",eighth,0.5,1.5
chord,"E2,E3",half,2.0,2.0
chord,"F2,F3",eighth,0.5,4.5
chord,"F2,F3",eighth,0.5,5.0
chord,"F2,F3",eighth,0.5,5.5
chord,"D2,D3",whole,4.0,6.0
chord,"C4,E4",whole,7.0,12.0
chord,"B3,D4",breve,8.0,20.0
note,C4,half,2.0,28.0
chord,"G4,B3",half,2.0,30.0
note,G4,eighth,0.5,32.0
note,E4,eighth,0.5,32.5
note,E4,eighth,0.5,33.0
note,F4,eighth,0.5,33.5
chord,"B3,G4",eighth,0.5,34.0
chord,"B2,G3,B3",eighth,0.5,34.5
chord,"B2,G3,B3",eighth,0.5,35.0
chord,"B2,G3,B3",eighth,0.5,35.5
chord,"C3,G3,C4",quarter,1.0,36.0
chord,"G#2,C3,G#3",quarter,1.0,38.0
chord,"G2,D3,G3",quarter,1.0,40.0
chord,"G#2,G#3",eighth,0.5,42.5
chord,"G#2,G#3",eighth,0.5,43.0
chord,"G#2,G#3",eighth,0.5,43.5
chord,"F2,F3",whole,4.0,44.0
note,G#3,eighth,0.5,52.5
note,G#3,eighth,0.5,53.0
note,G#3,eighth,0.5,53.5
note,G3,half,3.0,54.0
note,G#3,eighth,0.5,60.5
note,G#3,eighth,0.5,61.0
note,G#3,eighth,0.5,61.5
note,G3,half,3.0,62.0
chord,"C2,C3",eighth,0.5,66.5
chord,"C2,C3",eighth,0.5,67.0
chord,"C2,C3",eighth,0.5,67.5
chord,"C2,C3",quarter,1.0,68.0
chord,"C2,C3",eighth,0.5,70.5
chord,"C2,C3",eighth,0.5,71.0
chord,"C2,C3",eighth,0.5,71.5
chord,"C2,C3",quarter,1.0,72.0
chord,"C3,B3",quarter,1.0,74.0
chord,"C3,B3",quarter,1.0,76.0
chord,"C3,G#3,C4",quarter,1.0,78.0
chord,"C3,E3,C4",quarter,1.0,80.0
chord,"C3,G#3,C4",quarter,1.0,82.0
chord,"C3,F3,G#3,C4",quarter,1.0,84.0
chord,"C3,E3,G3,C4",eighth,0.5,86.0
chord,"C3,E3,G3,C4",eighth,0.5,86.5
chord,"C3,E3,G3,C4",eighth,0.5,87.0
chord,"C3,E3,G3,C4",eighth,0.5,87.5
chord,"C3,E3,G3,C4",eighth,0.5,88.0
chord,"C3,E3,G3,C4",eighth,0.5,88.5
chord,"C3,E3,G3,C4",eighth,0.5,89.0
chord,"C3,E3,G3,C4",eighth,0.5,89.5
chord,"C3,E3,G3,C4",eighth,0.5,90.0
chord,"C3,E3,G3,C4",eighth,0.5,90.5
chord,"C3,E3,G3,C4",eighth,0.5,91.0
chord,"C3,E3,G3,C4",eighth,0.5,91.5
chord,"C3,E3",eighth,0.5,92.0
note,G3,eighth,0.5,92.5
chord,"C3,E3",eighth,0.5,93.0
note,G3,eighth,0.5,93.5
chord,"G2,D3,F3",eighth,0.5,94.0
chord,"G2,D3,F3",eighth,0.5,94.5
chord,"G2,D3,F3",eighth,0.5,95.0
chord,"G2,D3,F3",eighth,0.5,95.5
chord,"G2,D3,F3",eighth,0.5,96.0
chord,"G2,D3,F3",eighth,0.5,96.5
chord,"G2,D3,F3",eighth,0.5,97.0
chord,"G2,D3,F3",eighth,0.5,97.5
chord,"G2,D3,F3",eighth,0.5,98.0
chord,"G2,D3,F3",eighth,0.5,98.5
chord,"G2,D3,F3",eighth,0.5,99.0
chord,"G2,D3,F3",eighth,0.5,99.5
chord,"G2,D3,F3",eighth,0.5,100.0
chord,"G2,D3,F3",eighth,0.5,100.5
chord,"C3,E3",eighth,0.5,101.0
note,G3,eighth,0.5,101.5
chord,"C3,E3,F#3",eighth,0.5,102.0
note,A3,eighth,0.5,102.5
chord,"C3,E3,F#3",eighth,0.5,103.0
note,A3,eighth,0.5,103.5
chord,"C3,E3,F#3",eighth,0.5,104.0
note,A3,eighth,0.5,104.5
chord,"C3,E3,F#3",eighth,0.5,105.0
note,A3,eighth,0.5,105.5
chord,"C3,E3,F#3",eighth,0.5,106.0
note,A3,eighth,0.5,106.5
chord,"C3,E3,F#3",eighth,0.5,107.0
note,A3,eighth,0.5,107.5
chord,"C3,E3,F#3",eighth,0.5,108.0
note,A3,eighth,0.5,108.5
chord,"C3,E3,F#3",eighth,0.5,109.0
note,A3,eighth,0.5,109.5
chord,"C3,E3,F#3,A3",quarter,1.0,110.0
chord,"D3,F3,B3",quarter,1.0,114.0
note,E4,half,2.0,118.0
note,B3,complex,6.5,122.0
note,B2,eighth,0.5,128.5
note,B2,eighth,0.5,129.0
note,B2,eighth,0.5,129.5
note,E3,quarter,1.0,130.0
chord,"E4,B3",half,2.0,132.0
chord,"F4,B3",half,2.0,134.0
note,D4,half,2.0,136.0
note,E3,quarter,1.0,138.0
chord,"G3,B3",half,2.0,140.0
chord,"F3,G#3",half,2.0,142.0
chord,"D3,G#3",half,2.0,144.0
chord,"E3,G3",half,2.0,146.0
chord,"G3,B3",half,2.0,148.0
chord,"E3,G3",half,2.0,150.0
chord,"C2,C3",eighth,0.5,152.5
chord,"C2,C3",eighth,0.5,153.0
chord,"C2,C3",eighth,0.5,153.5
chord,"F2,F3",quarter,1.0,154.0
chord,"G#3,C#4",half,2.0,156.0
chord,"G3,B3",half,2.0,158.0
chord,"E2,E3",eighth,0.5,160.5
chord,"E2,E3",eighth,0.5,161.0
chord,"E2,E3",eighth,0.5,161.5
chord,"G#2,G#3",quarter,1.0,162.0
note,G#3,half,2.0,164.0
note,A3,eighth,0.5,166.0
chord,"A2,A3",eighth,0.5,166.5
chord,"A2,A3",eighth,0.5,167.0
chord,"A2,A3",eighth,0.5,167.5
chord,"A2,A3",quarter,1.0,168.0
chord,"B2,B3",eighth,0.5,170.5
chord,"B2,B3",eighth,0.5,171.0
chord,"B2,B3",eighth,0.5,171.5
chord,"B2,B3",quarter,1.0,172.0
chord,"B2,B3",eighth,0.5,174.5
chord,"B2,B3",eighth,0.5,175.0
chord,"B2,B3",eighth,0.5,175.5
chord,"B2,B3",quarter,1.0,176.0
chord,"C3,C4",eighth,0.5,178.5
chord,"C3,C4",eighth,0.5,179.0
chord,"C3,C4",eighth,0.5,179.5
chord,"C3,C4",quarter,1.0,180.0
chord,"C3,C4",eighth,0.5,182.5
chord,"C3,C4",eighth,0.5,183.0
chord,"C3,C4",eighth,0.5,183.5
chord,"C3,C4",quarter,1.0,184.0
chord,"C3,C4",eighth,0.5,185.0
chord,"C3,C4",eighth,0.5,185.5
chord,"D3,B3,D4",half,3.0,186.0
chord,"D2,B2,D3",quarter,1.0,189.0
chord,"E2,B2,E3",quarter,1.0,190.0
chord,"F2,B2,F3",quarter,1.0,192.0
chord,"G2,B2,E3,G3",quarter,1.0,194.0
chord,"G#2,E3,F3,G#3",quarter,1.0,196.0
chord,"B2,E3,G3,B3",quarter,1.0,198.0
chord,"B2,D3,F3,B3",quarter,1.0,200.0
chord,"D2,D3",quarter,1.0,202.0
note,F2,quarter,1.0,203.0
chord,"D2,D3",quarter,1.0,204.0
note,F2,quarter,1.0,205.0
chord,"E2,E3",quarter,1.0,206.0
note,G2,quarter,1.0,207.0
chord,"F2,F3",quarter,1.0,208.0
note,G#2,quarter,1.0,209.0
chord,"G2,G3",quarter,1.0,210.0
note,B2,quarter,1.0,211.0
chord,"G#2,E3,G#3",quarter,1.0,212.0
note,C3,quarter,1.0,213.0
chord,"B2,G3",quarter,1.0,214.0
note,B3,quarter,1.0,215.0
chord,"B2,B3",quarter,1.0,216.0
chord,"F3,G#3,B3,D4",quarter,1.0,217.0
chord,"E3,G3,B3,E4",eighth,0.5,218.0
note,G4,eighth,0.5,218.5
note,G4,eighth,0.5,219.0
note,G4,eighth,0.5,219.5
note,E4,eighth,0.5,220.0
note,B3,eighth,0.5,220.5
note,B3,eighth,0.5,221.0
note,B3,eighth,0.5,221.5
note,G3,eighth,0.5,222.0
note,E3,eighth,0.5,222.5
note,E3,eighth,0.5,223.0
note,E3,eighth,0.5,223.5
chord,"B2,B3",eighth,0.5,224.0
chord,"B1,B2",eighth,0.5,224.5
chord,"B1,B2",eighth,0.5,225.0
chord,"B1,B2",eighth,0.5,225.5
chord,"E2,E3",eighth,0.5,226.0
note,G4,eighth,0.5,226.5
note,G4,eighth,0.5,227.0
note,G4,eighth,0.5,227.5
note,E4,eighth,0.5,228.0
note,B3,eighth,0.5,228.5
note,B3,eighth,0.5,229.0
note,B3,eighth,0.5,229.5
note,G3,eighth,0.5,230.0
note,E3,eighth,0.5,230.5
note,E3,eighth,0.5,231.0
note,E3,eighth,0.5,231.5
chord,"B2,B3",eighth,0.5,232.0
chord,"B1,B2",eighth,0.5,232.5
chord,"B1,B2",eighth,0.5,233.0
chord,"B1,B2",eighth,0.5,233.5
chord,"E2,E3",quarter,1.0,234.0
chord,"B1,B2",eighth,0.5,236.5
chord,"B1,B2",eighth,0.5,237.0
chord,"B1,B2",eighth,0.5,237.5
chord,"E2,E3",quarter,1.0,238.0
chord,"B1,B2",eighth,0.5,240.5
chord,"B1,B2",eighth,0.5,241.0
chord,"B1,B2",eighth,0.5,241.5
chord,"E2,E3",quarter,1.0,242.0
chord,"C#2,C#3",eighth,0.5,250.5
chord,"C#2,C#3",eighth,0.5,251.0
chord,"C#2,C#3",eighth,0.5,251.5
chord,"C2,C3",whole,4.0,252.0
note,C4,complex,4.5,258.0
note,C#4,eighth,0.5,262.5
note,C#4,eighth,0.5,263.0
note,C#4,eighth,0.5,263.5
note,C4,complex,6.5,264.0
note,C#4,eighth,0.5,270.5
note,C#4,eighth,0.5,271.0
note,C#4,eighth,0.5,271.5
note,C4,breve,12.0,272.0
note,D4,quarter,1.0,284.0
note,E4,quarter,1.0,285.0
note,F4,quarter,1.0,286.0
note,F#4,quarter,1.0,287.0
note,G3,quarter,1.0,289.0
chord,"E4,C4",half,2.0,290.0
chord,"G3,B3",quarter,1.0,292.0
chord,"C4,E4",half,2.0,294.0
chord,"G3,B3",quarter,1.0,296.0
note,E4,eighth,0.5,298.0
note,E4,eighth,0.5,298.5
note,E4,eighth,0.5,299.0
note,D4,eighth,0.5,299.5
note,C4,eighth,0.5,300.0
chord,"C4,E4",eighth,0.5,300.5
chord,"C4,E4",eighth,0.5,301.0
chord,"B3,D4",eighth,0.5,301.5
chord,"A3,C4",eighth,0.5,302.0
chord,"A3,C4",eighth,0.5,302.5
chord,"A3,C4",eighth,0.5,303.0
chord,"G3,B3",eighth,0.5,303.5
chord,"D3,F#3,A3",quarter,1.0,304.0
note,G3,quarter,1.0,306.0
note,B3,eighth,0.5,307.0
note,C4,eighth,0.5,307.5
note,D4,half,2.0,308.0
note,G3,quarter,1.0,310.0
note,B3,eighth,0.5,311.0
note,C4,eighth,0.5,311.5
note,D4,eighth,0.5,312.0
note,D4,eighth,0.5,312.5
note,D4,eighth,0.5,313.0
note,C4,eighth,0.5,313.5
chord,"G3,B3",eighth,0.5,314.0
note,B3,eighth,0.5,314.5
note,B3,eighth,0.5,315.0
note,A3,eighth,0.5,315.5
note,G3,eighth,0.5,316.0
note,G3,eighth,0.5,316.5
note,G3,eighth,0.5,317.0
note,F3,eighth,0.5,317.5
note,E3,eighth,0.5,318.0
note,E3,eighth,0.5,318.5
note,E3,eighth,0.5,319.0
note,D3,eighth,0.5,319.5
note,C3,eighth,0.5,320.0
note,C4,eighth,0.5,320.5
note,C4,eighth,0.5,321.0
note,B3,eighth,0.5,321.5
note,A3,eighth,0.5,322.0
note,A3,eighth,0.5,322.5
note,A3,eighth,0.5,323.0
note,G3,eighth,0.5,323.5
note,F#3,eighth,0.5,324.0
note,F#3,eighth,0.5,324.5
note,F#3,eighth,0.5,325.0
note,E3,eighth,0.5,325.5
note,D3,eighth,0.5,326.0
note,D3,eighth,0.5,326.5
note,D3,eighth,0.5,327.0
note,C3,eighth,0.5,327.5
note,B2,eighth,0.5,328.0
note,D4,eighth,0.5,328.5
note,D4,eighth,0.5,329.0
note,C4,eighth,0.5,329.5
note,B3,eighth,0.5,330.0
note,B3,eighth,0.5,330.5
note,B3,eighth,0.5,331.0
note,A3,eighth,0.5,331.5
chord,"B2,G3",eighth,0.5,332.0
chord,"B2,F3",eighth,0.5,332.5
chord,"B2,E3",eighth,0.5,333.0
chord,"B2,D3",eighth,0.5,333.5
chord,"C3,E3,F#3,A3",eighth,0.5,334.0
chord,"C3,E3,F#3,A3",eighth,0.5,334.5
chord,"C3,E3,F#3,A3",eighth,0.5,335.0
chord,"C3,E3,F#3,A3",eighth,0.5,335.5
chord,"C3,E3,F#3,A3",eighth,0.5,336.0
chord,"C3,E3,F#3,A3",eighth,0.5,336.5
chord,"C3,E3,F#3,A3",eighth,0.5,337.0
chord,"C3,E3,F#3,A3",eighth,0.5,337.5
chord,"C3,E3,F#3,A3",quarter,1.0,338.0
chord,"C#2,G2,C#3",eighth,0.5,340.5
chord,"C#2,G2,C#3",eighth,0.5,341.0
chord,"C#2,G2,C#3",eighth,0.5,341.5
chord,"C#2,G2,C#3",eighth,0.5,342.0
chord,"C#2,G2,C#3",eighth,0.5,342.5
chord,"C#2,G2,C#3",eighth,0.5,343.0
chord,"C#2,G2,C#3",eighth,0.5,343.5
chord,"C#2,G2,C#3",eighth,0.5,344.0
chord,"C#2,G2,C#3",eighth,0.5,344.5
chord,"C#2,G2,C#3",eighth,0.5,345.0
chord,"C#2,G2,C#3",eighth,0.5,345.5
chord,"C#2,G2,C#3",quarter,1.0,346.0
chord,"D2,D3",eighth,0.5,348.5
chord,"D2,D3",eighth,0.5,349.0
chord,"D2,D3",eighth,0.5,349.5
chord,"D2,D3",quarter,1.0,350.0
chord,"E2,E3",eighth,0.5,353.0
chord,"E2,E3",eighth,0.5,353.5
chord,"E2,E3",quarter,1.0,354.0
chord,"F#2,F#3",eighth,0.5,355.0
chord,"F#2,F#3",eighth,0.5,355.5
chord,"F#2,F#3",quarter,1.0,356.0
note,G4,half,2.0,358.0
note,A4,half,2.0,360.0
note,C4,eighth,0.5,363.0
note,C4,eighth,0.5,363.5
note,C4,quarter,1.0,364.0
chord,"A2,A3",eighth,0.5,365.0
chord,"F#2,F#3",eighth,0.5,366.0
chord,"D2,D3",eighth,0.5,367.0
chord,"C2,C3",eighth,0.5,368.0
chord,"A1,A2",eighth,0.5,369.0
chord,"F#1,F#2",eighth,0.5,370.0
chord,"D1,D2",eighth,0.5,371.0
chord,"G1,G2",eighth,0.5,372.0
note,C4,half,2.0,374.0
note,D4,half,2.0,376.0
note,G3,quarter,1.0,378.0
note,F3,half,2.0,379.0
chord,"D3,D4",eighth,0.5,381.0
chord,"B2,B3",eighth,0.5,382.0
chord,"G2,G3",eighth,0.5,383.0
chord,"F2,F3",eighth,0.5,384.0
chord,"D2,D3",eighth,0.5,385.0
chord,"B1,B2",quarter,1.0,386.0
chord,"G1,G2",quarter,1.0,387.0
chord,"C2,C3",quarter,1.0,388.0
chord,"G#3,C4,F4",half,2.0,390.0
chord,"B3,C#4",half,2.0,392.0
chord,"G1,C2,G2",half,2.0,394.0
chord,"G#1,F2,G#2",half,2.0,396.0
chord,"G#3,C4",half,2.0,398.0
chord,"B3,C#4",half,2.0,400.0
chord,"G1,C2,G2",half,2.0,402.0
chord,"G#1,F2,G#2",half,2.0,404.0
chord,"G#3,C4",half,2.0,406.0
chord,"B3,C#4",half,2.0,408.0
chord,"B1,B2",half,2.0,410.0
chord,"C2,C3",half,2.0,412.0
chord,"C4,E4,F4",half,2.0,414.0
chord,"C#4,F4",half,2.0,416.0
chord,"C#2,C#3",half,2.0,418.0
chord,"E4,F#4",half,2.0,420.0
chord,"E2,E3",half,2.0,422.0
chord,"F4,G#4",half,2.0,424.0
chord,"F2,F3",half,2.0,426.0
chord,"F#4,A4",half,2.0,428.0
chord,"F#1,F#2",half,2.0,430.0
chord,"F#4,A4",half,2.0,432.0
chord,"F#1,F#2",half,2.0,434.0
chord,"F#4,A4",half,2.0,436.0
chord,"F#1,F#2",half,2.0,438.0
chord,"F#4,A4",half,2.0,440.0
chord,"D3,F#1,F#2",half,2.0,442.0
chord,"F#4,A4",half,2.0,444.0
chord,"D3,F#1,F#2",half,2.0,446.0
chord,"F#4,A4",half,2.0,448.0
chord,"D3,F#1,F#2",half,2.0,450.0
chord,"F#4,A4",half,2.0,452.0
chord,"F#2,D3",eighth,0.5,454.0
chord,"D2,D3",eighth,0.5,454.5
chord,"D2,D3",eighth,0.5,455.0
chord,"D2,D3",eighth,0.5,455.5
chord,"B1,B2",half,2.0,456.0
chord,"C2,C3",half,2.0,458.0
chord,"A1,A2",whole,4.0,460.0
chord,"B3,F4",half,2.0,464.0
chord,"F3,B1,B2",half,2.0,466.0
chord,"B3,F4",half,2.0,468.0
chord,"F3,B1,B2",half,2.0,470.0
chord,"B3,F4",half,2.0,472.0
chord,"F3,B1,B2",half,2.0,474.0
chord,"B3,F4",half,2.0,476.0
chord,"F3,B1,B2",half,2.0,478.0
chord,"F3,B1,B2",eighth,0.5,480.0
chord,"G#2,G#3",eighth,0.5,480.5
chord,"G#2,G#3",eighth,0.5,481.0
chord,"G#2,G#3",eighth,0.5,481.5
chord,"F2,F3",complex,2.5,482.0
chord,"G#2,G#3",eighth,0.5,484.5
chord,"G#2,G#3",eighth,0.5,485.0
chord,"G#2,G#3",eighth,0.5,485.5
chord,"F2,F3",complex,2.5,486.0
chord,"G#2,G#3",eighth,0.5,488.5
chord,"G#2,G#3",eighth,0.5,489.0
chord,"G#2,G#3",eighth,0.5,489.5
chord,"F2,F3",eighth,0.5,490.0
chord,"G#2,G#3",eighth,0.5,490.5
chord,"G#2,G#3",eighth,0.5,491.0
chord,"G#2,G#3",eighth,0.5,491.5
chord,"F2,F3",eighth,0.5,492.0
chord,"G#2,G#3",eighth,0.5,492.5
chord,"G#2,G#3",eighth,0.5,493.0
chord,"G#2,G#3",eighth,0.5,493.5
chord,"F2,F3",eighth,0.5,494.0
chord,"G#2,G#3",eighth,0.5,494.5
chord,"G#2,G#3",eighth,0.5,495.0
chord,"G#2,G#3",eighth,0.5,495.5
chord,"F2,F3",eighth,0.5,496.0
chord,"G2,G3",eighth,0.5,496.5
chord,"G2,G3",eighth,0.5,497.0
chord,"G2,G3",eighth,0.5,497.5
chord,"E2,G2,E3",half,2.0,498.0
chord,"F2,G2,F3",eighth,0.5,500.5
chord,"F2,G2,F3",eighth,0.5,501.0
chord,"F2,G2,F3",eighth,0.5,501.5
chord,"D2,G2,D3",whole,4.0,502.0
note,C3,complex,5.0,508.0
note,C3,quarter,1.0,513.0
note,E3,quarter,1.0,514.0
note,C3,quarter,1.0,515.0
chord,"B2,B3",complex,5.0,516.0
chord,"G2,G3",quarter,1.0,521.0
chord,"B2,B3",quarter,1.0,522.0
chord,"G2,G3",quarter,1.0,523.0
chord,"C3,C4",half,2.0,524.0
chord,"B2,B3",half,2.0,526.0
chord,"C3,C4",half,2.0,528.0
chord,"G3,G2",quarter,1.0,530.0
note,A3,eighth,0.5,531.0
note,B3,eighth,0.5,531.5
chord,"C3,C4",quarter,1.0,532.0
chord,"G#2,G#3",quarter,1.0,534.0
chord,"G2,G3",quarter,1.0,536.0
chord,"G1,G2",eighth,0.5,552.5
chord,"G1,G2",eighth,0.5,553.0
chord,"G1,G2",eighth,0.5,553.5
note,C2,eighth,0.5,554.0
note,G#3,eighth,0.5,554.5
note,G#3,eighth,0.5,555.0
note,G#3,eighth,0.5,555.5
note,F3,eighth,0.5,556.0
note,D3,eighth,0.5,556.5
note,D3,eighth,0.5,557.0
note,D3,eighth,0.5,557.5
note,B2,eighth,0.5,558.0
note,G#2,eighth,0.5,558.5
note,G#2,eighth,0.5,559.0
note,G#2,eighth,0.5,559.5
note,G2,eighth,0.5,560.0
note,G3,eighth,0.5,560.5
note,G3,eighth,0.5,561.0
note,G3,eighth,0.5,561.5
chord,"C3,C4",eighth,0.5,562.0
note,C3,eighth,0.5,562.5
note,C3,eighth,0.5,563.0
note,C3,eighth,0.5,563.5
note,C3,complex,2.5,564.0
note,C3,eighth,0.5,566.5
note,C3,eighth,0.5,567.0
note,C3,eighth,0.5,567.5
note,C3,complex,2.5,568.0
note,C3,eighth,0.5,570.5
note,C3,eighth,0.5,571.0
note,C3,eighth,0.5,571.5
chord,"C3,B3",quarter,1.0,572.0
chord,"C3,B3",quarter,1.0,574.0
chord,"C3,G#3",quarter,1.0,576.0
chord,"C3,G3,B3",quarter,1.0,578.0
chord,"C3,F3,G#3",quarter,1.0,580.0
chord,"C3,F3,G#3",quarter,1.0,582.0
chord,"C2,C3",quarter,1.0,584.0
chord,"C3,E3,G3",eighth,0.5,585.0
note,C4,eighth,0.5,585.5
chord,"C3,E3,G3",eighth,0.5,586.0
note,C4,eighth,0.5,586.5
chord,"C3,E3,G3",eighth,0.5,587.0
note,C4,eighth,0.5,587.5
chord,"C3,E3,G3",eighth,0.5,588.0
note,C4,eighth,0.5,588.5
chord,"C3,E3,G3",eighth,0.5,589.0
note,C4,eighth,0.5,589.5
chord,"C3,E3",eighth,0.5,590.0
chord,"C3,E3,G3",eighth,0.5,590.5
chord,"C3,E3,G3",eighth,0.5,591.0
chord,"C3,E3,G3",eighth,0.5,591.5
chord,"G2,D3,F3",eighth,0.5,592.0
note,G3,eighth,0.5,592.5
chord,"G2,D3,F3",eighth,0.5,593.0
note,G3,eighth,0.5,593.5
chord,"G2,D3,F3",eighth,0.5,594.0
note,G3,eighth,0.5,594.5
chord,"G2,D3,F3",eighth,0.5,595.0
note,G3,eighth,0.5,595.5
chord,"G2,D3,F3",eighth,0.5,596.0
note,G3,eighth,0.5,596.5
chord,"G2,D3,F3",eighth,0.5,597.0
note,G3,eighth,0.5,597.5
chord,"G2,D3,F3",eighth,0.5,598.0
note,G3,eighth,0.5,598.5
chord,"C3,E3",eighth,0.5,599.0
chord,"C3,E3",eighth,0.5,599.5
chord,"C2,C3",eighth,0.5,600.0
note,E4,eighth,0.5,600.5
note,E4,eighth,0.5,601.0
note,E4,eighth,0.5,601.5
note,C4,eighth,0.5,602.0
note,A3,eighth,0.5,602.5
note,A3,eighth,0.5,603.0
note,A3,eighth,0.5,603.5
note,F#3,eighth,0.5,604.0
note,E3,eighth,0.5,604.5
note,E3,eighth,0.5,605.0
note,E3,eighth,0.5,605.5
note,C3,eighth,0.5,606.0
note,A2,eighth,0.5,606.5
note,A2,eighth,0.5,607.0
note,A2,eighth,0.5,607.5
chord,"C2,C3",quarter,1.0,608.0
chord,"B1,G2,B2",quarter,1.0,612.0
note,C4,half,2.0,616.0
note,D4,half,2.0,618.0
note,G3,whole,6.0,620.0
chord,"B3,G3",eighth,0.5,626.0
chord,"G1,G2",eighth,0.5,626.5
chord,"G1,G2",eighth,0.5,627.0
chord,"G1,G2",eighth,0.5,627.5
note,C2,quarter,1.0,628.0
chord,"E4,G4",half,2.0,630.0
chord,"D4,F4",half,2.0,632.0
chord,"B3,D4",eighth,0.5,634.0
note,G2,eighth,0.5,634.5
note,G2,eighth,0.5,635.0
note,G2,eighth,0.5,635.5
chord,"C2,C3",quarter,1.0,636.0
note,C4,half,2.0,638.0
note,D4,half,2.0,640.0
note,B3,eighth,0.5,642.0
note,G2,eighth,0.5,642.5
note,G2,eighth,0.5,643.0
note,G2,eighth,0.5,643.5
chord,"C2,C3",quarter,1.0,644.0
chord,"E4,G4",half,2.0,646.0
chord,"D4,F4",half,2.0,648.0
chord,"B3,D4",eighth,0.5,650.0
note,G2,eighth,0.5,650.5
note,G2,eighth,0.5,651.0
note,G2,eighth,0.5,651.5
chord,"C2,C3",quarter,1.0,652.0
chord,"G3,B3",half,2.0,654.0
chord,"E3,G3",half,2.0,656.0
chord,"C2,C3",eighth,0.5,658.5
chord,"C2,C3",eighth,0.5,659.0
chord,"C2,C3",eighth,0.5,659.5
chord,"F2,F3",quarter,1.0,660.0
chord,"A3,C4",half,2.0,662.0
chord,"F#3,A3",half,2.0,664.0
chord,"D2,D3",eighth,0.5,666.5
chord,"D2,D3",eighth,0.5,667.0
chord,"D2,D3",eighth,0.5,667.5
chord,"G2,G3",quarter,1.0,668.0
note,G#3,half,2.0,670.0
note,G#3,eighth,0.5,672.0
chord,"G#2,G#3",eighth,0.5,672.5
chord,"G#2,G#3",eighth,0.5,673.0
chord,"G#2,G#3",eighth,0.5,673.5
chord,"G#2,G#3",quarter,1.0,674.0
chord,"B2,B3",eighth,0.5,676.5
chord,"B2,B3",eighth,0.5,677.0
chord,"B2,B3",eighth,0.5,677.5
chord,"B2,B3",quarter,1.0,678.0
chord,"D3,D4",eighth,0.5,680.5
chord,"D3,D4",eighth,0.5,681.0
chord,"D3,D4",eighth,0.5,681.5
chord,"D3,D4",quarter,1.0,682.0
chord,"D3,D4",eighth,0.5,684.5
chord,"D3,D4",eighth,0.5,685.0
chord,"D3,D4",eighth,0.5,685.5
chord,"D3,D4",quarter,1.0,686.0
chord,"D3,D4",eighth,0.5,688.5
chord,"D3,D4",eighth,0.5,689.0
chord,"D3,D4",eighth,0.5,689.5
chord,"D3,D4",quarter,1.0,690.0
chord,"D3,F3,D4",quarter,1.0,693.0
chord,"D3,F3,D4",quarter,1.0,695.0
chord,"D3,F3,D4",quarter,1.0,697.0
chord,"D3,F3,D4",quarter,1.0,699.0
chord,"D2,G2,D3",complex,2.5,700.0
chord,"B1,G2,B2",quarter,1.0,703.0
chord,"C2,G2,C3",quarter,1.0,704.0
chord,"D2,F2,D3",quarter,1.0,706.0
chord,"E2,C3,E3",quarter,1.0,708.0
chord,"F2,C3,D3,F3",quarter,1.0,710.0
chord,"G2,C3,E3,G3",quarter,1.0,712.0
chord,"G2,B2,D3,G3",quarter,1.0,714.0
chord,"B1,B2",quarter,1.0,716.0
chord,"D2,D3",quarter,1.0,717.0
chord,"B1,B2",quarter,1.0,718.0
chord,"D2,D3",quarter,1.0,719.0
chord,"C2,C3",quarter,1.0,720.0
chord,"E2,E3",quarter,1.0,721.0
chord,"D2,D3",quarter,1.0,722.0
chord,"F2,F3",quarter,1.0,723.0
chord,"E2,E3",quarter,1.0,724.0
chord,"G2,G3",quarter,1.0,725.0
chord,"F2,F3",quarter,1.0,726.0
chord,"A2,A3",quarter,1.0,727.0
chord,"G2,G3",quarter,1.0,728.0
chord,"G1,G2",quarter,1.0,729.0
chord,"G2,G3",quarter,1.0,730.0
chord,"G2,D3,F3,G3",quarter,1.0,731.0
chord,"C3,E3,G3,C4",eighth,0.5,732.0
note,E4,eighth,0.5,732.5
note,E4,eighth,0.5,733.0
note,E4,eighth,0.5,733.5
note,C4,eighth,0.5,734.0
note,G3,eighth,0.5,734.5
note,G3,eighth,0.5,735.0
note,G3,eighth,0.5,735.5
chord,"E3,E4",eighth,0.5,736.0
note,C3,eighth,0.5,736.5
note,C3,eighth,0.5,737.0
note,C3,eighth,0.5,737.5
chord,"G2,G3",eighth,0.5,738.0
chord,"G1,G2",eighth,0.5,738.5
chord,"G1,G2",eighth,0.5,739.0
chord,"G1,G2",eighth,0.5,739.5
chord,"C2,C3",eighth,0.5,740.0
note,E4,eighth,0.5,740.5
note,E4,eighth,0.5,741.0
note,E4,eighth,0.5,741.5
note,C4,eighth,0.5,742.0
note,G3,eighth,0.5,742.5
note,G3,eighth,0.5,743.0
note,G3,eighth,0.5,743.5
chord,"E3,E4",eighth,0.5,744.0
note,C3,eighth,0.5,744.5
note,C3,eighth,0.5,745.0
note,C3,eighth,0.5,745.5
note,G2,eighth,0.5,746.0
chord,"G1,G2",eighth,0.5,746.5
chord,"G1,G2",eighth,0.5,747.0
chord,"G1,G2",eighth,0.5,747.5
chord,"C2,C3",quarter,1.0,748.0
chord,"G1,G2",eighth,0.5,750.5
chord,"G1,G2",eighth,0.5,751.0
chord,"G1,G2",eighth,0.5,751.5
chord,"C2,C3",quarter,1.0,752.0
chord,"G1,G2",eighth,0.5,754.5
chord,"G1,G2",eighth,0.5,755.0
chord,"G1,G2",eighth,0.5,755.5
chord,"C2,C3",complex,2.5,756.0
chord,"C2,C3",eighth,0.5,758.5
chord,"C2,C3",eighth,0.5,759.0
chord,"C2,C3",eighth,0.5,759.5
chord,"G#1,G#2",complex,2.5,760.0
chord,"G#1,G#2",eighth,0.5,762.5
chord,"G#1,G#2",eighth,0.5,763.0
chord,"G#1,G#2",eighth,0.5,763.5
chord,"E2,E3",complex,2.5,764.0
chord,"E2,E3",eighth,0.5,766.5
chord,"E2,E3",eighth,0.5,767.0
chord,"E2,E3",eighth,0.5,767.5
chord,"F2,F3",complex,2.5,768.0
chord,"F2,F3",eighth,0.5,770.5
chord,"F2,F3",eighth,0.5,771.0
chord,"F2,F3",eighth,0.5,771.5
chord,"F2,G#2,C#3,F3",eighth,0.5,772.0
chord,"F2,F3",eighth,0.5,772.5
chord,"F2,F3",eighth,0.5,773.0
chord,"F2,F3",eighth,0.5,773.5
chord,"F2,F3",eighth,0.5,774.0
chord,"F2,F3",eighth,0.5,774.5
chord,"F2,F3",eighth,0.5,775.0
chord,"F2,F3",eighth,0.5,775.5
chord,"F2,F3",eighth,0.5,776.0
chord,"F2,F3",eighth,0.5,776.5
chord,"F2,F3",eighth,0.5,777.0
chord,"F2,F3",eighth,0.5,777.5
chord,"F2,F3",eighth,0.5,778.0
chord,"F2,F3",eighth,0.5,778.5
chord,"F2,F3",eighth,0.5,779.0
chord,"F2,F3",eighth,0.5,779.5
chord,"F2,F3",quarter,1.0,780.0
chord,"F#2,F#3",eighth,0.5,790.5
chord,"F#2,F#3",eighth,0.5,791.0
chord,"F#2,F#3",eighth,0.5,791.5
chord,"F#2,F#3",eighth,0.5,792.0
chord,"F#2,F#3",eighth,0.5,792.5
chord,"F#2,F#3",eighth,0.5,793.0
chord,"F#2,F#3",eighth,0.5,793.5
chord,"F#2,F#3",eighth,0.5,794.0
chord,"F#2,F#3",eighth,0.5,794.5
chord,"F#2,F#3",eighth,0.5,795.0
chord,"F#2,F#3",eighth,0.5,795.5
chord,"F#2,F#3",eighth,0.5,796.0
chord,"F#2,F#3",eighth,0.5,796.5
chord,"F#2,F#3",eighth,0.5,797.0
chord,"F#2,F#3",eighth,0.5,797.5
chord,"F#2,F#3",eighth,0.5,798.0
chord,"F#2,F#3",eighth,0.5,798.5
chord,"F#2,F#3",eighth,0.5,799.0
chord,"F#2,F#3",eighth,0.5,799.5
chord,"F#2,F#3",quarter,1.0,800.0
note,C4,eighth,0.5,802.5
note,C4,eighth,0.5,803.0
note,C4,eighth,0.5,803.5
note,E4,quarter,1.0,804.0
chord,"G1,G2",quarter,1.0,808.0
note,F4,half,2.0,810.0
note,D4,complex,2.5,812.0
note,G4,eighth,0.5,814.5
note,G4,eighth,0.5,815.0
note,G4,eighth,0.5,815.5
chord,"G2,G3",quarter,1.0,816.0
note,F4,half,2.0,818.0
note,D4,complex,2.5,820.0
note,G4,eighth,0.5,822.5
note,G4,eighth,0.5,823.0
note,G4,eighth,0.5,823.5
note,E4,quarter,1.0,824.0
note,F4,quarter,1.0,825.0
note,D4,quarter,1.0,826.0
note,E4,quarter,1.0,827.0
note,C4,quarter,1.0,828.0
note,D4,quarter,1.0,829.0
note,B3,quarter,1.0,830.0
note,C4,quarter,1.0,831.0
chord,"G#2,G#3",quarter,1.0,832.0
chord,"B2,B3",quarter,1.0,833.0
chord,"G2,G3",quarter,1.0,834.0
chord,"G#2,G#3",quarter,1.0,835.0
chord,"F2,F3",quarter,1.0,836.0
chord,"G2,G3",quarter,1.0,837.0
chord,"E2,E3",quarter,1.0,838.0
chord,"F2,F3",quarter,1.0,839.0
chord,"D2,D3",quarter,1.0,840.0
chord,"C2,G2,C3",quarter,1.0,841.0
chord,"B1,G2,B2",quarter,1.0,842.0
chord,"C2,C3",quarter,1.0,843.0
chord,"D2,G2,D3",quarter,1.0,844.0
chord,"C2,G2,C3",quarter,1.0,845.0
chord,"D2,G2,D3",quarter,1.0,846.0
chord,"E2,C3,E3",quarter,1.0,847.0
chord,"F2,C3,F3",quarter,1.0,848.0
chord,"E2,C3,E3",quarter,1.0,849.0
chord,"F2,C3,F3",quarter,1.0,850.0
chord,"G2,G3",quarter,1.0,851.0
chord,"G#2,G#3",quarter,1.0,852.0
chord,"G2,G3",quarter,1.0,853.0
chord,"A2,G3,A3",quarter,1.0,854.0
chord,"B2,G3,B3",quarter,1.0,855.0
chord,"C3,C4",whole,4.0,856.0
chord,"G#2,C3,G#3",whole,4.0,860.0
chord,"E2,C3,E3",whole,4.0,864.0
chord,"F2,C3,F3",half,2.0,868.0
chord,"E2,C3,E3",half,2.0,870.0
chord,"D2,G2,D3",half,2.0,872.0
chord,"F2,G2,F3",half,2.0,874.0
chord,"E2,G2,E3",quarter,1.0,876.0
chord,"C2,C3",quarter,1.0,878.0
chord,"F2,F3",quarter,1.0,880.0
chord,"D2,D3",quarter,1.0,882.0
chord,"G2,G3",quarter,1.0,884.0
chord,"G1,G2",quarter,1.0,886.0
chord,"C2,C3",half,2.0,888.0
chord,"C3,C4",eighth,0.5,890.0
chord,"C3,C4",eighth,0.5,891.0
chord,"C3,C4",half,2.0,892.0
chord,"E2,C3",eighth,0.5,894.0
chord,"F2,C3",eighth,0.5,895.0
note,C3,half,2.0,896.0
chord,"C3,C4",eighth,0.5,898.0
chord,"C3,C4",eighth,0.5,899.0
chord,"C3,C4",half,2.0,900.0
chord,"G1,G2",eighth,0.5,902.0
chord,"A1,A2",eighth,0.5,903.0
chord,"B1,B2",quarter,1.0,904.0
chord,"G1,G2",quarter,1.0,905.0
chord,"G3,A3,C4",eighth,0.5,906.0
chord,"G3,B3,D4",eighth,0.5,907.0
chord,"G3,C4,E4",half,2.0,908.0
chord,"G1,G2",eighth,0.5,910.0
chord,"A1,A2",eighth,0.5,911.0
chord,"B1,B2",quarter,1.0,912.0
chord,"G1,G2",quarter,1.0,913.0
chord,"G3,A3,C4",eighth,0.5,914.0
chord,"G3,B3,D4",eighth,0.5,915.0
chord,"C4,E4",quarter,1.0,916.0
chord,"G3,D4",quarter,1.0,917.0
chord,"G#3,C4",quarter,1.0,918.0
chord,"E3,B3",quarter,1.0,919.0
chord,"F3,G#3",quarter,1.0,920.0
chord,"C3,G3",quarter,1.0,921.0
chord,"F2,F3",quarter,1.0,922.0
chord,"C2,C3",quarter,1.0,923.0
chord,"F3,G#3",quarter,1.0,924.0
chord,"C3,G3",quarter,1.0,925.0
chord,"F2,F3",quarter,1.0,926.0
chord,"C2,C3",quarter,1.0,927.0
chord,"G2,C3,E3,G3",quarter,1.0,928.0
chord,"G1,B1,D2,G2",quarter,1.0,930.0
chord,"C3,C4",quarter,1.0,932.0
chord,"G2,G3",quarter,1.0,933.0
chord,"G#2,G#3",quarter,1.0,934.0
chord,"E2,E3",quarter,1.0,935.0
chord,"F2,F3",quarter,1.0,936.0
chord,"C2,C3",quarter,1.0,937.0
chord,"C3,F3,G#3",quarter,1.0,938.0
chord,"C3,E3,G3",quarter,1.0,939.0
chord,"F2,F3",quarter,1.0,940.0
chord,"C2,C3",quarter,1.0,941.0
chord,"C3,F3,G#3",quarter,1.0,942.0
chord,"C3,E3,G3",quarter,1.0,943.0
chord,"G2,C3,E3,G3",quarter,1.0,944.0
chord,"G3,C4,E4",quarter,1.0,945.0
chord,"G1,B1,D2,G2",quarter,1.0,946.0
chord,"G2,B2,D3,G3",quarter,1.0,947.0
chord,"C2,G2,C3",eighth,0.5,948.0
note,G3,eighth,0.5,948.5
note,G3,eighth,0.5,949.0
note,G3,eighth,0.5,949.5
note,G3,whole,6.0,950.0
chord,"B3,D4",quarter,1.0,956.0
chord,"D4,F4",quarter,1.0,957.0
chord,"G1,G2",eighth,0.5,958.5
chord,"G1,G2",eighth,0.5,959.0
chord,"G1,G2",eighth,0.5,959.5
chord,"C2,C3",eighth,0.5,960.0
note,G2,eighth,0.5,960.5
note,G2,eighth,0.5,961.0
note,G2,eighth,0.5,961.5
note,G2,eighth,0.5,962.0
chord,"G2,G3",eighth,0.5,962.5
chord,"G2,G3",eighth,0.5,963.0
chord,"G2,G3",eighth,0.5,963.5
chord,"G2,G3",eighth,0.5,964.0
chord,"G2,G3",eighth,0.5,964.5
chord,"G2,G3",eighth,0.5,965.0
chord,"G2,G3",eighth,0.5,965.5
chord,"G2,G3",eighth,0.5,966.0
chord,"G2,G3",eighth,0.5,966.5
chord,"G2,G3",eighth,0.5,967.0
chord,"G2,G3",eighth,0.5,967.5
chord,"E2,G2,E3",half,2.0,968.0
chord,"F2,G2,F3",eighth,0.5,970.5
chord,"F2,G2,F3",eighth,0.5,971.0
chord,"F2,G2,F3",eighth,0.5,971.5
chord,"D2,G2,D3",whole,4.0,972.0
chord,"C2,G2",whole,4.0,978.0
chord,"C2,G2",whole,4.0,982.0
chord,"C2,G2",complex,6.5,986.0
chord,"G1,G2",eighth,0.5,992.5
chord,"G1,G2",eighth,0.5,993.0
chord,"G1,G2",eighth,0.5,993.5
chord,"C2,C3",quarter,1.0,994.0
chord,"G1,G2",eighth,0.5,996.5
chord,"G1,G2",eighth,0.5,997.0
chord,"G1,G2",eighth,0.5,997.5
chord,"C2,C3",quarter,1.0,998.0
chord,"G1,G2",eighth,0.5,1000.5
chord,"G1,G2",eighth,0.5,1001.0
chord,"G1,G2",eighth,0.5,1001.5
chord,"C2,C3",quarter,1.0,1002.0
chord,"G1,G2",quarter,1.0,1003.0
chord,"C2,C3",quarter,1.0,1004.0
chord,"G1,G2",quarter,1.0,1005.0
chord,"C2,C3",quarter,1.0,1006.0
chord,"G2,G3",quarter,1.0,1007.0
chord,"C3,E3,G3,C4",quarter,1.0,1008.0
chord,"G2,G3",quarter,1.0,1009.0
chord,"C3,E3,G3,C4",quarter,1.0,1010.0
chord,"G1,G2",quarter,1.0,1012.0
chord,"C2,E2,G2,C3",quarter,1.0,1014.0
note,E4,eighth,0.5,28.5
note,E4,eighth,0.5,29.0
note,F4,eighth,0.5,29.5
note,C4,half,2.0,32.0
note,G2,eighth,0.5,54.5
note,G2,eighth,0.5,55.0
note,G2,eighth,0.5,55.5
note,C3,quarter,1.0,56.0
note,G2,eighth,0.5,62.5
note,G2,eighth,0.5,63.0
note,G2,eighth,0.5,63.5
note,C3,quarter,1.0,64.0
note,E4,half,2.0,124.0
note,F4,half,2.0,126.0
note,D4,half,2.0,128.0
note,B3,eighth,0.5,136.0
note,B2,eighth,0.5,136.5
note,B2,eighth,0.5,137.0
note,B2,eighth,0.5,137.5
note,B2,complex,4.5,140.0
note,B2,eighth,0.5,144.5
note,B2,eighth,0.5,145.0
note,B2,eighth,0.5,145.5
note,C4,complex,2.5,164.0
note,F3,breve,8.0,258.0
note,E3,breve,8.0,266.0
note,F3,half,2.0,274.0
note,E3,half,2.0,276.0
note,F3,half,2.0,278.0
note,E3,half,2.0,280.0
note,F3,quarter,1.0,282.0
note,B3,eighth,0.5,306.5
note,D3,quarter,1.0,308.0
note,B3,eighth,0.5,310.5
note,D3,quarter,1.0,312.0
note,A2,complex,2.5,318.0
note,C3,half,2.0,363.0
note,C2,quarter,1.0,508.0
note,G3,quarter,1.0,531.0
chord,"F3,G#3",eighth,0.5,564.5
chord,"F3,G#3",eighth,0.5,565.0
chord,"F3,G#3",eighth,0.5,565.5
chord,"F3,G#3",quarter,1.0,566.0
chord,"E3,G3",eighth,0.5,568.5
chord,"E3,G3",eighth,0.5,569.0
chord,"E3,G3",eighth,0.5,569.5
chord,"E3,G3",quarter,1.0,570.0
note,C4,half,2.0,622.0
note,D4,half,2.0,624.0
note,G3,complex,4.5,630.0
note,G3,complex,4.5,638.0
note,G3,complex,4.5,646.0
note,D3,quarter,1.0,890.0
note,E3,quarter,1.0,891.0
note,F3,quarter,1.0,892.0
note,D3,quarter,1.0,893.0
note,F3,quarter,1.0,898.0
note,G3,quarter,1.0,899.0
note,G#3,quarter,1.0,900.0
note,F3,quarter,1.0,901.0
chord,"D4,F4",eighth,0.5,950.5
chord,"D4,F4",eighth,0.5,951.0
chord,"D4,F4",eighth,0.5,951.5
chord,"D4,F4",half,3.0,952.0
chord,"C4,E4",quarter,1.0,955.0
